batch_size,phase,category,kernel_name,launches,residency_ms
1,useful,gemm_other,fused_moe_kernel,1200,14.22756
1,useful,memory_elementwise,"void <unnamed>::all_reduce_one_shot_push_kernel<__nv_bfloat16, (unsigned int)8, (bool)1>(<unnamed>::AllReducePushData, device::distributed::PushController)",16,13.007169
1,useful,attention_mla,"void flashinfer::trtllm_allreduce_fusion::allreduce_fusion_kernel_oneshot_lamport<(flashinfer::trtllm_allreduce_fusion::AllReduceFusionPattern)1, __nv_bfloat16, (int)8, (bool)0, (bool)0>(flashinfer::trtllm_allreduce_fusion::AllReduceFusionParams<T2>)",1240,10.580027
1,useful,moe_routing,"void at::native::sbtopk::gatherTopK<float, unsigned int, (int)1, (bool)0>(at::cuda::detail::TensorInfo<const T1, T2>, T2, T2, bool, T2, T2, at::cuda::detail::TensorInfo<T1, T2>, T2, at::cuda::detail::TensorInfo<long, T2>, T2, T1 *)",1800,9.172028
1,useful,gemm_other,"void <unnamed>::per_token_group_quant_8bit_v2_kernel<<unnamed>::NaiveScheduler, (int)128, (int)8, __nv_bfloat16, __nv_fp8_e4m3, (bool)1, (bool)0, (bool)0, (bool)1, float>(const T4 *, T5 *, T10 *, const int *, int, int, int, int, int)",2256,7.648474
1,useful,gemm_other,"void deep_gemm::sm90_fp8_gemm_1d2d_impl<(cute::UMMA::Major)0, (unsigned int)0, (unsigned int)0, (unsigned int)0, (unsigned int)1, (unsigned int)16, (unsigned int)32, (unsigned int)128, (unsigned int)128, (unsigned int)128, (unsigned int)64, (unsigned int)16, (unsigned int)128, (unsigned int)128, (unsigned int)1, (bool)0, (unsigned int)132, (deep_gemm::GemmType)0, deep_gemm::epilogue::transform::EpilogueIdentity>(float *, int *, unsigned int, unsigned int, unsigned int, CUtensorMap_st, CUtensorMap_st, CUtensorMap_st, CUtensorMap_st)",648,7.229174
1,useful,attention_mla,"void smxx::decode::flash_fwd_mla_combine_kernel<cutlass::bfloat16_t, (int)512, (int)8, (int)160, (int)256>(CombineParams)",624,7.021145
1,useful,attention_mla,"void sm90::decode::sparse_fp8::flash_fwd_splitkv_mla_fp8_sparse_kernel<sm90::decode::sparse_fp8::KernelTemplate<(ModelType)0, (int)64>, sm90::decode::sparse_fp8::KernelTemplate<(ModelType)0, (int)64>::TmaParams<cute::tuple<int, int, int, int>, cute::TiledCopy<cute::Copy_Atom<cute::Copy_Traits<cute::SM90_TMA_LOAD, cute::C<(int)65536>, cute::AuxTmaParams<cute::tuple<cute::ScaledBasis<cute::C<(int)1>, (int)1>, cute::ScaledBasis<cute::C<(int)1>, (int)0>, cute::ScaledBasis<cute::C<(int)1>, (int)2>, cute::ScaledBasis<cute::C<(int)1>, (int)3>>, const cute::Layout<cute::tuple<cute::C<(int)64>, cute::C<(int)64>, cute::C<(int)1>, cute::C<(int)1>>, cute::tuple<cute::ScaledBasis<cute::C<(int)1>, (int)1>, cute::ScaledBasis<cute::C<(int)1>, (int)0>, cute::ScaledBasis<cute::C<(int)1>, (int)2>, cute::ScaledBasis<cute::C<(int)1>, (int)3>>> &, const cute::Swizzle<(int)3, (int)4, (int)3> &>>, cutlass::bfloat16_t>, cute::Layout<cute::tuple<cute::C<(int)1>, cute::tuple<cute::tuple<cute::tuple<cute::C<(int)64>, cute::C<(int)64>>, cute::C<(int)9>>>>, cute::tuple<cute::C<(int)0>, cute::tuple<cute::tuple<cute::tuple<cute::C<(int)64>, cute::C<(int)1>>, cute::C<(int)4096>>>>>, cute::tuple<cute::C<(int)64>, cute::C<(int)576>>>>>(SparseAttnDecodeParams, T2)",624,6.276123
1,useful,gemm_other,"void deep_gemm::sm90_fp8_gemm_1d2d_impl<(cute::UMMA::Major)0, (unsigned int)0, (unsigned int)0, (unsigned int)0, (unsigned int)1, (unsigned int)16, (unsigned int)16, (unsigned int)128, (unsigned int)128, (unsigned int)128, (unsigned int)32, (unsigned int)16, (unsigned int)128, (unsigned int)128, (unsigned int)1, (bool)0, (unsigned int)132, (deep_gemm::GemmType)0, deep_gemm::epilogue::transform::EpilogueIdentity>(float *, int *, unsigned int, unsigned int, unsigned int, CUtensorMap_st, CUtensorMap_st, CUtensorMap_st, CUtensorMap_st)",792,5.483937
1,useful,other,"void at::native::bitonicSortKVInPlace<(int)-2, (int)-1, (int)16, (int)16, float, long, at::native::GTOp<float, (bool)1>, unsigned int>(at::cuda::detail::TensorInfo<T5, T8>, T8, T8, T8, at::cuda::detail::TensorInfo<T6, T8>, T8, T7)",1200,4.805403
1,useful,gemm_other,"void deep_gemm::sm90_fp8_gemm_1d2d_impl<(cute::UMMA::Major)0, (unsigned int)0, (unsigned int)0, (unsigned int)0, (unsigned int)1, (unsigned int)16, (unsigned int)48, (unsigned int)128, (unsigned int)128, (unsigned int)128, (unsigned int)32, (unsigned int)16, (unsigned int)128, (unsigned int)128, (unsigned int)1, (bool)0, (unsigned int)132, (deep_gemm::GemmType)0, deep_gemm::epilogue::transform::EpilogueIdentity>(float *, int *, unsigned int, unsigned int, unsigned int, CUtensorMap_st, CUtensorMap_st, CUtensorMap_st, CUtensorMap_st)",648,4.699996
1,useful,attention_projection,nvjet_sm90_tst_64x8_64x16_4x1_v_bz_TNT,1248,3.893089
1,useful,attention_projection,nvjet_sm90_tst_64x8_64x16_4x1_v_bz_splitK_TNT,600,2.852154
1,useful,attention_indexer,"<unnamed>::topk_transform_decode_kernel(<unnamed>::FastTopKParams, int *, const int *, long)",168,2.212062
1,useful,memory_elementwise,triton_per_fused_copy__mul_sum_0,600,1.624932
1,useful,moe_routing,"void moe_align_block_size_kernel<int>(const T1 *, int *, int *, int *, int, int, unsigned long, int *, bool, int, int)",600,1.585154
1,useful,gemm_other,"void <unnamed>::per_token_group_quant_8bit_v2_kernel<<unnamed>::NaiveScheduler, (int)128, (int)8, __nv_bfloat16, __nv_fp8_e4m3, (bool)0, (bool)0, (bool)0, (bool)1, float>(const T4 *, T5 *, T10 *, const int *, int, int, int, int, int)",1200,1.522783
1,useful,norm_rope_quant,"void <unnamed>::fused_rope_kernel<(bool)0, (long)64, (bool)1, __nv_bfloat16, long, (unsigned int)8>(<unnamed>::FusedRopeParams)",792,1.295037
1,useful,attention_mla,kernel_cutlass_kernel_flashinfernormkernelsrmsnormRMSNormKernel_object_at__tensorptrbf16gmemalign128o204820481_tensorptrbf16gmemalign16o20481_tensorptrbf16gmemalign128o204820481___True_4__0,624,1.283094
1,useful,memory_elementwise,"void at::native::<unnamed>::distribution_elementwise_grid_stride_kernel<unsigned long, (int)2, void at::native::templates::cuda::random_from_to_kernel<at::CUDAGeneratorImpl *>(at::TensorIteratorBase &, unsigned long, long, T1)::[lambda() (instance 1)]::operator ()() const::[lambda() (instance 4)]::operator ()() const::[lambda(curandStatePhilox4_32_10 *) (instance 1)], void at::native::<unnamed>::distribution_nullary_kernel<long, unsigned long, ulonglong2, at::CUDAGeneratorImpl *, void at::native::templates::cuda::random_from_to_kernel<at::CUDAGeneratorImpl *>(at::TensorIteratorBase &, unsigned long, long, T1)::[lambda() (instance 1)]::operator ()() const::[lambda() (instance 4)]::operator ()() const::[lambda(curandStatePhilox4_32_10 *) (instance 1)], void at::native::templates::cuda::random_from_to_kernel<at::CUDAGeneratorImpl *>(at::TensorIteratorBase &, unsigned long, long, T1)::[lambda() (instance 1)]::operator ()() const::[lambda() (instance 4)]::operator ()() const::[lambda(unsigned long) (instance 1)]>(at::TensorIteratorBase &, T4, const T5 &, T6)::[lambda(int, unsigned long) (instance 1)]>(long, at::PhiloxCudaState, T3, T4)",600,1.279775
1,useful,gemm_other,"void deep_gemm::sm90_fp8_gemm_1d2d_impl<(cute::UMMA::Major)0, (unsigned int)0, (unsigned int)0, (unsigned int)0, (unsigned int)1, (unsigned int)16, (unsigned int)64, (unsigned int)128, (unsigned int)128, (unsigned int)128, (unsigned int)128, (unsigned int)16, (unsigned int)128, (unsigned int)128, (unsigned int)1, (bool)0, (unsigned int)72, (deep_gemm::GemmType)0, deep_gemm::epilogue::transform::EpilogueIdentity>(float *, int *, unsigned int, unsigned int, unsigned int, CUtensorMap_st, CUtensorMap_st, CUtensorMap_st, CUtensorMap_st)",168,1.147584
1,useful,memory_elementwise,"void <unnamed>::act_and_mul_kernel<__nv_bfloat16, (<unnamed>::ActivationKind)0, (bool)1, (bool)0>(<unnamed>::ActivationParams)",624,1.074343
1,useful,attention_projection,nvjet_sm90_tss_64x8_64x16_1x1_h_bz_splitK_TNT,168,1.058783
1,useful,memory_elementwise,triton_per_fused_copy_gather_select_sigmoid_slice_sum_3,600,0.98749
1,useful,attention_mla,kernel_cutlass_kernel_flashinfernormkernelsrmsnormRMSNormKernel_object_at__tensorptrbf16gmemalign128o5125121_tensorptrbf16gmemalign16o5121_tensorptrbf16gmemalign128o5125121___True_4_512_0,624,0.958527
1,useful,memory_elementwise,triton_poi_fused__to_copy_copy_div_gather_randint_select_sigmoid_4,600,0.915681
1,useful,memory_elementwise,"void cublasLt::splitKreduce_kernel<(int)32, (int)16, int, float, __nv_bfloat16, float, __nv_bfloat16, (bool)0, float, __nv_bfloat16, __nv_bfloat16, (bool)1, (bool)0, (bool)0, (bool)0>(cublasLt::cublasSplitKParams<T6>, const T4 *, const T10 *, T9 *, T5 *, const T6 *, const T6 *, const T11 *, const T4 *, T11 *, void *, long, T6 *, int *, T6 *, T6 *, const T6 *, const T6 *, const T6 *, const T6 *, const T6 *)",600,0.869757
1,useful,attention_mla,"<unnamed>::concat_mla_absorb_q_kernel(__nv_bfloat16 *, __nv_bfloat16 *, __nv_bfloat16 *, int, int, long, int, long, int, long, int)",624,0.807937
1,useful,norm_rope_quant,_quantize_k_cache_fast_kernel,624,0.745344
1,useful,moe_routing,"void count_and_sort_expert_tokens_kernel<int>(const T1 *, int *, int *, unsigned long)",600,0.727296
1,useful,other,triton_poi_fused_add_sigmoid_unsqueeze_0,600,0.70925
1,useful,attention_mla,set_mla_kv_buffer_kernel,624,0.708769
1,useful,attention_indexer,"void deep_gemm::sm90_fp8_paged_mqa_logits<(unsigned int)1, (unsigned int)32, (unsigned int)128, (unsigned int)64, (bool)1, (bool)0, (unsigned int)3, (unsigned int)3, (unsigned int)256, (unsigned int)128, (unsigned int)512, float>(unsigned int, unsigned int, unsigned int, const unsigned int *, T12 *, const unsigned int *, const unsigned int *, const unsigned int *, CUtensorMap_st, CUtensorMap_st, CUtensorMap_st, CUtensorMap_st)",168,0.616991
1,useful,memory_elementwise,triton_poi_fused__to_copy_arange_bitwise_not_eq_expand_masked_fill_scalar_tensor_unsqueeze_view_where_2,600,0.564255
1,useful,other,triton_poi_fused_sum_1,600,0.557567
1,useful,memory_elementwise,"void at::native::vectorized_elementwise_kernel<(int)8, at::native::FillFunctor<c10::BFloat16>, std::array<char *, (unsigned long)1>>(int, T2, T3)",624,0.557537
1,useful,attention_projection,nvjet_sm90_tst_192x8_64x8_4x1_v_bz_TNT,8,0.53456
1,useful,other,"void <unnamed>::fast_hadamard_transform_kernel<<unnamed>::FastHadamardKernelTraits<(int)16, (int)7, __nv_bfloat16>>(HadamardParamsBase)",336,0.443454
1,useful,memory_elementwise,"void cublasLt::splitKreduce_kernel<(int)32, (int)16, int, float, float, float, float, (bool)0, float, float, float, (bool)1, (bool)0, (bool)0, (bool)0>(cublasLt::cublasSplitKParams<T6>, const T4 *, const T10 *, T9 *, T5 *, const T6 *, const T6 *, const T11 *, const T4 *, T11 *, void *, long, T6 *, int *, T6 *, T6 *, const T6 *, const T6 *, const T6 *, const T6 *, const T6 *)",168,0.297632
1,useful,norm_rope_quant,_act_quant_kernel,168,0.28656
1,useful,attention_mla,kernel_cutlass_kernel_flashinfernormkernelslayernormLayerNormKernel_object_at__tensorptrbf16gmemalign16o128div41_tensorptrbf16gmemalign16o128div41_tensorptrf32gmemalign16o1281_tensorptrf3_0,168,0.232799
1,useful,attention_indexer,"void <unnamed>::fused_store_indexer_cache<__nv_bfloat16, long, (unsigned int)6, (bool)1>(<unnamed>::FusedStoreCacheParam)",168,0.209088
1,useful,other,triton_poi_fused_mul_unsqueeze_0,168,0.163552
1,useful,other,triton_poi_fused_mul_0,168,0.159743
1,useful,nccl_sync,ncclDevKernel_AllGather_RING_LL(ncclDevKernelArgsStorage<(unsigned long)4096>),8,0.13363
1,useful,attention_mla,kernel_cutlass_kernel_flashinfernormkernelsfused_add_rmsnormFusedAddRMSNormKernel_object_at__tensorptrbf16gmemalign128o614461441_tensorptrbf16gmemalign128o614461441_tensorptrbf16gmemalign_0,8,0.058208
1,useful,memory_elementwise,"void at::native::unrolled_elementwise_kernel<at::native::direct_copy_kernel_cuda(at::TensorIteratorBase &)::[lambda() (instance 3)]::operator ()() const::[lambda() (instance 7)]::operator ()() const::[lambda(float) (instance 1)], std::array<char *, (unsigned long)2>, (int)4, TrivialOffsetCalculator<(int)1, unsigned int>, TrivialOffsetCalculator<(int)1, unsigned int>, at::native::memory::LoadWithCast<(int)1>, at::native::memory::StoreWithCast<(int)1>>(int, T1, T2, T4, T5, T6, T7)",8,0.026432
1,useful,attention_mla,kernel_cutlass_kernel_flashinfernormkernelsrmsnormRMSNormKernel_object_at__tensorptrbf16gmemalign128o614461441_tensorptrbf16gmemalign16o61441_tensorptrbf16gmemalign128o614461441___True_2__0,8,0.022656
1,useful,memory_elementwise,"void at::native::elementwise_kernel<(int)128, (int)4, void at::native::gpu_kernel_impl_nocast<at::native::<unnamed>::masked_fill_kernel(at::TensorIterator &, const c10::Scalar &)::[lambda() (instance 1)]::operator ()() const::[lambda() (instance 12)]::operator ()() const::[lambda(c10::BFloat16, bool) (instance 1)]>(at::TensorIteratorBase &, const T1 &)::[lambda(int) (instance 1)]>(int, T3)",8,0.01712
1,useful,memory_elementwise,"void at::native::<unnamed>::indexSelectSmallIndex<c10::BFloat16, long, unsigned int, (int)2, (int)2, (int)-2>(at::cuda::detail::TensorInfo<T1, T3>, at::cuda::detail::TensorInfo<const T1, T3>, at::cuda::detail::TensorInfo<const T2, T3>, int, int, T3, long)",8,0.016768
1,useful,other,triton_poi_fused_bitwise_and_bitwise_not_bitwise_or_ge_lt_1,8,0.009408
1,useful,other,triton_poi_fused_add_bitwise_and_bitwise_or_ge_lt_mul_sub_0,8,0.008512
1,useful,memory_elementwise,"void at::native::vectorized_elementwise_kernel<(int)4, at::native::FillFunctor<float>, std::array<char *, (unsigned long)1>>(int, T2, T3)",8,0.008064
10,useful,gemm_other,fused_moe_kernel,1200,33.489184
10,useful,memory_elementwise,"void <unnamed>::all_reduce_one_shot_push_kernel<__nv_bfloat16, (unsigned int)8, (bool)1>(<unnamed>::AllReducePushData, device::distributed::PushController)",16,18.188736
10,useful,attention_mla,"void flashinfer::trtllm_allreduce_fusion::allreduce_fusion_kernel_oneshot_lamport<(flashinfer::trtllm_allreduce_fusion::AllReduceFusionPattern)1, __nv_bfloat16, (int)8, (bool)0, (bool)0>(flashinfer::trtllm_allreduce_fusion::AllReduceFusionParams<T2>)",1240,13.482358
10,useful,attention_mla,"void sm90::decode::sparse_fp8::flash_fwd_splitkv_mla_fp8_sparse_kernel<sm90::decode::sparse_fp8::KernelTemplate<(ModelType)0, (int)64>, sm90::decode::sparse_fp8::KernelTemplate<(ModelType)0, (int)64>::TmaParams<cute::tuple<int, int, int, int>, cute::TiledCopy<cute::Copy_Atom<cute::Copy_Traits<cute::SM90_TMA_LOAD, cute::C<(int)65536>, cute::AuxTmaParams<cute::tuple<cute::ScaledBasis<cute::C<(int)1>, (int)1>, cute::ScaledBasis<cute::C<(int)1>, (int)0>, cute::ScaledBasis<cute::C<(int)1>, (int)2>, cute::ScaledBasis<cute::C<(int)1>, (int)3>>, const cute::Layout<cute::tuple<cute::C<(int)64>, cute::C<(int)64>, cute::C<(int)1>, cute::C<(int)1>>, cute::tuple<cute::ScaledBasis<cute::C<(int)1>, (int)1>, cute::ScaledBasis<cute::C<(int)1>, (int)0>, cute::ScaledBasis<cute::C<(int)1>, (int)2>, cute::ScaledBasis<cute::C<(int)1>, (int)3>>> &, const cute::Swizzle<(int)3, (int)4, (int)3> &>>, cutlass::bfloat16_t>, cute::Layout<cute::tuple<cute::C<(int)1>, cute::tuple<cute::tuple<cute::tuple<cute::C<(int)64>, cute::C<(int)64>>, cute::C<(int)9>>>>, cute::tuple<cute::C<(int)0>, cute::tuple<cute::tuple<cute::tuple<cute::C<(int)64>, cute::C<(int)1>>, cute::C<(int)4096>>>>>, cute::tuple<cute::C<(int)64>, cute::C<(int)576>>>>>(SparseAttnDecodeParams, T2)",624,11.365644
10,useful,moe_routing,"void at::native::sbtopk::gatherTopK<float, unsigned int, (int)2, (bool)0>(at::cuda::detail::TensorInfo<const T1, T2>, T2, T2, bool, T2, T2, at::cuda::detail::TensorInfo<T1, T2>, T2, at::cuda::detail::TensorInfo<long, T2>, T2, T1 *)",1800,10.314683
10,useful,gemm_other,"void <unnamed>::per_token_group_quant_8bit_v2_kernel<<unnamed>::NaiveScheduler, (int)128, (int)8, __nv_bfloat16, __nv_fp8_e4m3, (bool)1, (bool)0, (bool)0, (bool)1, float>(const T4 *, T5 *, T10 *, const int *, int, int, int, int, int)",2256,9.293468
10,useful,gemm_other,"void deep_gemm::sm90_fp8_gemm_1d2d_impl<(cute::UMMA::Major)0, (unsigned int)0, (unsigned int)0, (unsigned int)0, (unsigned int)1, (unsigned int)16, (unsigned int)32, (unsigned int)128, (unsigned int)128, (unsigned int)128, (unsigned int)64, (unsigned int)16, (unsigned int)128, (unsigned int)128, (unsigned int)1, (bool)0, (unsigned int)132, (deep_gemm::GemmType)0, deep_gemm::epilogue::transform::EpilogueIdentity>(float *, int *, unsigned int, unsigned int, unsigned int, CUtensorMap_st, CUtensorMap_st, CUtensorMap_st, CUtensorMap_st)",648,6.806298
10,useful,other,"void at::native::bitonicSortKVInPlace<(int)2, (int)-1, (int)16, (int)16, float, long, at::native::GTOp<float, (bool)1>, unsigned int>(at::cuda::detail::TensorInfo<T5, T8>, T8, T8, T8, at::cuda::detail::TensorInfo<T6, T8>, T8, T7)",1200,5.244408
10,useful,gemm_other,"void deep_gemm::sm90_fp8_gemm_1d2d_impl<(cute::UMMA::Major)0, (unsigned int)0, (unsigned int)0, (unsigned int)0, (unsigned int)1, (unsigned int)16, (unsigned int)16, (unsigned int)128, (unsigned int)128, (unsigned int)128, (unsigned int)32, (unsigned int)16, (unsigned int)128, (unsigned int)128, (unsigned int)1, (bool)0, (unsigned int)132, (deep_gemm::GemmType)0, deep_gemm::epilogue::transform::EpilogueIdentity>(float *, int *, unsigned int, unsigned int, unsigned int, CUtensorMap_st, CUtensorMap_st, CUtensorMap_st, CUtensorMap_st)",792,5.184381
10,useful,attention_mla,"void smxx::decode::flash_fwd_mla_combine_kernel<cutlass::bfloat16_t, (int)512, (int)8, (int)160, (int)256>(CombineParams)",624,5.031356
10,useful,gemm_other,"void deep_gemm::sm90_fp8_gemm_1d2d_impl<(cute::UMMA::Major)0, (unsigned int)0, (unsigned int)0, (unsigned int)0, (unsigned int)1, (unsigned int)16, (unsigned int)48, (unsigned int)128, (unsigned int)128, (unsigned int)128, (unsigned int)32, (unsigned int)16, (unsigned int)128, (unsigned int)128, (unsigned int)1, (bool)0, (unsigned int)132, (deep_gemm::GemmType)0, deep_gemm::epilogue::transform::EpilogueIdentity>(float *, int *, unsigned int, unsigned int, unsigned int, CUtensorMap_st, CUtensorMap_st, CUtensorMap_st, CUtensorMap_st)",648,4.639258
10,useful,attention_projection,nvjet_sm90_tst_64x8_64x16_4x2_h_bz_splitK_TNT,600,2.975585
10,useful,memory_elementwise,"void at::native::elementwise_kernel<(int)128, (int)4, void at::native::gpu_kernel_impl_nocast<at::native::direct_copy_kernel_cuda(at::TensorIteratorBase &)::[lambda() (instance 3)]::operator ()() const::[lambda() (instance 12)]::operator ()() const::[lambda(c10::BFloat16) (instance 1)]>(at::TensorIteratorBase &, const T1 &)::[lambda(int) (instance 1)]>(int, T3)",1256,2.711392
10,useful,memory_elementwise,triton_per_fused_copy__mul_sum_0,600,2.685601
10,useful,attention_indexer,"<unnamed>::topk_transform_decode_kernel(<unnamed>::FastTopKParams, int *, const int *, long)",168,2.242942
10,useful,attention_projection,nvjet_sm90_tst_64x8_64x16_4x2_h_bz_TNT,624,2.157598
10,useful,attention_projection,nvjet_sm90_tst_64x8_64x16_1x2_h_bz_TNT,624,2.040253
10,useful,gemm_other,"void <unnamed>::per_token_group_quant_8bit_v2_kernel<<unnamed>::NaiveScheduler, (int)128, (int)8, __nv_bfloat16, __nv_fp8_e4m3, (bool)0, (bool)0, (bool)0, (bool)1, float>(const T4 *, T5 *, T10 *, const int *, int, int, int, int, int)",1200,1.732987
10,useful,moe_routing,"void moe_align_block_size_kernel<int>(const T1 *, int *, int *, int *, int, int, unsigned long, int *, bool, int, int)",600,1.591675
10,useful,attention_mla,kernel_cutlass_kernel_flashinfernormkernelsrmsnormRMSNormKernel_object_at__tensorptrbf16gmemalign16o2048i64div81_tensorptrbf16gmemalign16o20481_tensorptrbf16gmemalign16o2048i64div81___Tru_0,624,1.333358
10,useful,norm_rope_quant,"void <unnamed>::fused_rope_kernel<(bool)0, (long)64, (bool)1, __nv_bfloat16, long, (unsigned int)8>(<unnamed>::FusedRopeParams)",792,1.309916
10,useful,memory_elementwise,"void <unnamed>::act_and_mul_kernel<__nv_bfloat16, (<unnamed>::ActivationKind)0, (bool)1, (bool)0>(<unnamed>::ActivationParams)",624,1.284467
10,useful,memory_elementwise,"void at::native::<unnamed>::distribution_elementwise_grid_stride_kernel<unsigned long, (int)2, void at::native::templates::cuda::random_from_to_kernel<at::CUDAGeneratorImpl *>(at::TensorIteratorBase &, unsigned long, long, T1)::[lambda() (instance 1)]::operator ()() const::[lambda() (instance 4)]::operator ()() const::[lambda(curandStatePhilox4_32_10 *) (instance 1)], void at::native::<unnamed>::distribution_nullary_kernel<long, unsigned long, ulonglong2, at::CUDAGeneratorImpl *, void at::native::templates::cuda::random_from_to_kernel<at::CUDAGeneratorImpl *>(at::TensorIteratorBase &, unsigned long, long, T1)::[lambda() (instance 1)]::operator ()() const::[lambda() (instance 4)]::operator ()() const::[lambda(curandStatePhilox4_32_10 *) (instance 1)], void at::native::templates::cuda::random_from_to_kernel<at::CUDAGeneratorImpl *>(at::TensorIteratorBase &, unsigned long, long, T1)::[lambda() (instance 1)]::operator ()() const::[lambda() (instance 4)]::operator ()() const::[lambda(unsigned long) (instance 1)]>(at::TensorIteratorBase &, T4, const T5 &, T6)::[lambda(int, unsigned long) (instance 1)]>(long, at::PhiloxCudaState, T3, T4)",600,1.276737
10,useful,attention_mla,"<unnamed>::concat_mla_absorb_q_kernel(__nv_bfloat16 *, __nv_bfloat16 *, __nv_bfloat16 *, int, int, long, int, long, int, long, int)",624,1.213536
10,useful,memory_elementwise,triton_poi_fused__to_copy_copy_div_gather_randint_select_sigmoid_4,600,1.186847
10,useful,gemm_other,"void deep_gemm::sm90_fp8_gemm_1d2d_impl<(cute::UMMA::Major)0, (unsigned int)0, (unsigned int)0, (unsigned int)0, (unsigned int)1, (unsigned int)16, (unsigned int)64, (unsigned int)128, (unsigned int)128, (unsigned int)128, (unsigned int)128, (unsigned int)16, (unsigned int)128, (unsigned int)128, (unsigned int)1, (bool)0, (unsigned int)72, (deep_gemm::GemmType)0, deep_gemm::epilogue::transform::EpilogueIdentity>(float *, int *, unsigned int, unsigned int, unsigned int, CUtensorMap_st, CUtensorMap_st, CUtensorMap_st, CUtensorMap_st)",168,1.167232
10,useful,memory_elementwise,"void cublasLt::splitKreduce_kernel<(int)32, (int)16, int, float, __nv_bfloat16, float, __nv_bfloat16, (bool)0, float, __nv_bfloat16, __nv_bfloat16, (bool)1, (bool)0, (bool)0, (bool)0>(cublasLt::cublasSplitKParams<T6>, const T4 *, const T10 *, T9 *, T5 *, const T6 *, const T6 *, const T11 *, const T4 *, T11 *, void *, long, T6 *, int *, T6 *, T6 *, const T6 *, const T6 *, const T6 *, const T6 *, const T6 *)",600,0.956576
10,useful,memory_elementwise,triton_red_fused_copy_gather_select_sigmoid_slice_sum_3,600,0.944417
10,useful,attention_projection,nvjet_sm90_tss_64x8_64x16_1x2_h_bz_splitK_TNT,168,0.921952
10,useful,attention_mla,kernel_cutlass_kernel_flashinfernormkernelsrmsnormRMSNormKernel_object_at__tensorptrbf16gmemalign16o512i64div81_tensorptrbf16gmemalign16o5121_tensorptrbf16gmemalign16o512i64div81___True_4_0,624,0.916
10,useful,attention_indexer,"void deep_gemm::sm90_fp8_paged_mqa_logits<(unsigned int)1, (unsigned int)32, (unsigned int)128, (unsigned int)64, (bool)1, (bool)0, (unsigned int)3, (unsigned int)3, (unsigned int)256, (unsigned int)128, (unsigned int)512, float>(unsigned int, unsigned int, unsigned int, const unsigned int *, T12 *, const unsigned int *, const unsigned int *, const unsigned int *, CUtensorMap_st, CUtensorMap_st, CUtensorMap_st, CUtensorMap_st)",168,0.888095
10,useful,norm_rope_quant,_quantize_k_cache_fast_kernel,624,0.838496
10,useful,attention_mla,set_mla_kv_buffer_kernel,624,0.774079
10,useful,moe_routing,"void count_and_sort_expert_tokens_kernel<int>(const T1 *, int *, int *, unsigned long)",600,0.738561
10,useful,other,triton_poi_fused_add_sigmoid_unsqueeze_0,600,0.713856
10,useful,memory_elementwise,"void at::native::vectorized_elementwise_kernel<(int)8, at::native::FillFunctor<c10::BFloat16>, std::array<char *, (unsigned long)1>>(int, T2, T3)",624,0.707007
10,useful,memory_elementwise,triton_poi_fused__to_copy_arange_bitwise_not_eq_expand_masked_fill_scalar_tensor_unsqueeze_view_where_2,600,0.626238
10,useful,other,triton_poi_fused_sum_1,600,0.561504
10,useful,attention_projection,nvjet_sm90_tst_192x16_64x8_4x1_v_bz_TNT,8,0.534433
10,useful,other,"void <unnamed>::fast_hadamard_transform_kernel<<unnamed>::FastHadamardKernelTraits<(int)16, (int)7, __nv_bfloat16>>(HadamardParamsBase)",336,0.455136
10,useful,norm_rope_quant,_act_quant_kernel,168,0.299712
10,useful,memory_elementwise,"void cublasLt::splitKreduce_kernel<(int)32, (int)16, int, float, float, float, float, (bool)0, float, float, float, (bool)1, (bool)0, (bool)0, (bool)0>(cublasLt::cublasSplitKParams<T6>, const T4 *, const T10 *, T9 *, T5 *, const T6 *, const T6 *, const T11 *, const T4 *, T11 *, void *, long, T6 *, int *, T6 *, T6 *, const T6 *, const T6 *, const T6 *, const T6 *, const T6 *)",168,0.298336
10,useful,attention_mla,kernel_cutlass_kernel_flashinfernormkernelslayernormLayerNormKernel_object_at__tensorptrbf16gmemalign16o128div41_tensorptrbf16gmemalign16o128div41_tensorptrf32gmemalign16o1281_tensorptrf3_0,168,0.234208
10,useful,nccl_sync,ncclDevKernel_AllGather_RING_LL(ncclDevKernelArgsStorage<(unsigned long)4096>),8,0.22352
10,useful,attention_indexer,"void <unnamed>::fused_store_indexer_cache<__nv_bfloat16, long, (unsigned int)6, (bool)1>(<unnamed>::FusedStoreCacheParam)",168,0.21712
10,useful,other,triton_poi_fused_mul_0,168,0.165152
10,useful,other,triton_poi_fused_mul_unsqueeze_0,168,0.164799
10,useful,attention_mla,kernel_cutlass_kernel_flashinfernormkernelsfused_add_rmsnormFusedAddRMSNormKernel_object_at__tensorptrbf16gmemalign128o614461441_tensorptrbf16gmemalign128o614461441_tensorptrbf16gmemalign_0,8,0.08544
10,useful,memory_elementwise,"void at::native::unrolled_elementwise_kernel<at::native::direct_copy_kernel_cuda(at::TensorIteratorBase &)::[lambda() (instance 3)]::operator ()() const::[lambda() (instance 7)]::operator ()() const::[lambda(float) (instance 1)], std::array<char *, (unsigned long)2>, (int)4, TrivialOffsetCalculator<(int)1, unsigned int>, TrivialOffsetCalculator<(int)1, unsigned int>, at::native::memory::LoadWithCast<(int)1>, at::native::memory::StoreWithCast<(int)1>>(int, T1, T2, T4, T5, T6, T7)",8,0.046208
10,useful,memory_elementwise,"void at::native::<unnamed>::indexSelectSmallIndex<c10::BFloat16, long, unsigned int, (int)2, (int)2, (int)-2>(at::cuda::detail::TensorInfo<T1, T3>, at::cuda::detail::TensorInfo<const T1, T3>, at::cuda::detail::TensorInfo<const T2, T3>, int, int, T3, long)",8,0.039551
10,useful,attention_mla,kernel_cutlass_kernel_flashinfernormkernelsrmsnormRMSNormKernel_object_at__tensorptrbf16gmemalign128o614461441_tensorptrbf16gmemalign16o61441_tensorptrbf16gmemalign128o614461441___True_2__0,8,0.02496
10,useful,memory_elementwise,"void at::native::elementwise_kernel<(int)128, (int)4, void at::native::gpu_kernel_impl_nocast<at::native::<unnamed>::masked_fill_kernel(at::TensorIterator &, const c10::Scalar &)::[lambda() (instance 1)]::operator ()() const::[lambda() (instance 12)]::operator ()() const::[lambda(c10::BFloat16, bool) (instance 1)]>(at::TensorIteratorBase &, const T1 &)::[lambda(int) (instance 1)]>(int, T3)",8,0.020224
10,useful,other,triton_poi_fused_add_bitwise_and_bitwise_not_bitwise_or_ge_lt_mul_sub_0,8,0.008512
10,useful,memory_elementwise,"void at::native::vectorized_elementwise_kernel<(int)4, at::native::FillFunctor<float>, std::array<char *, (unsigned long)1>>(int, T2, T3)",8,0.007872
100,useful,attention_mla,"void flashinfer::trtllm_allreduce_fusion::allreduce_fusion_kernel_oneshot_lamport<(flashinfer::trtllm_allreduce_fusion::AllReduceFusionPattern)1, __nv_bfloat16, (int)8, (bool)0, (bool)0>(flashinfer::trtllm_allreduce_fusion::AllReduceFusionParams<T2>)",1240,87.461062
100,useful,gemm_other,fused_moe_kernel,1200,66.951954
100,useful,gemm_other,"void <unnamed>::per_token_group_quant_8bit_v2_kernel<<unnamed>::NaiveScheduler, (int)128, (int)8, __nv_bfloat16, __nv_fp8_e4m3, (bool)1, (bool)0, (bool)0, (bool)1, float>(const T4 *, T5 *, T10 *, const int *, int, int, int, int, int)",2256,66.88888
100,useful,attention_mla,"void sm90::decode::sparse_fp8::flash_fwd_splitkv_mla_fp8_sparse_kernel<sm90::decode::sparse_fp8::KernelTemplate<(ModelType)0, (int)64>, sm90::decode::sparse_fp8::KernelTemplate<(ModelType)0, (int)64>::TmaParams<cute::tuple<int, int, int, int>, cute::TiledCopy<cute::Copy_Atom<cute::Copy_Traits<cute::SM90_TMA_LOAD, cute::C<(int)65536>, cute::AuxTmaParams<cute::tuple<cute::ScaledBasis<cute::C<(int)1>, (int)1>, cute::ScaledBasis<cute::C<(int)1>, (int)0>, cute::ScaledBasis<cute::C<(int)1>, (int)2>, cute::ScaledBasis<cute::C<(int)1>, (int)3>>, const cute::Layout<cute::tuple<cute::C<(int)64>, cute::C<(int)64>, cute::C<(int)1>, cute::C<(int)1>>, cute::tuple<cute::ScaledBasis<cute::C<(int)1>, (int)1>, cute::ScaledBasis<cute::C<(int)1>, (int)0>, cute::ScaledBasis<cute::C<(int)1>, (int)2>, cute::ScaledBasis<cute::C<(int)1>, (int)3>>> &, const cute::Swizzle<(int)3, (int)4, (int)3> &>>, cutlass::bfloat16_t>, cute::Layout<cute::tuple<cute::C<(int)1>, cute::tuple<cute::tuple<cute::tuple<cute::C<(int)64>, cute::C<(int)64>>, cute::C<(int)9>>>>, cute::tuple<cute::C<(int)0>, cute::tuple<cute::tuple<cute::tuple<cute::C<(int)64>, cute::C<(int)1>>, cute::C<(int)4096>>>>>, cute::tuple<cute::C<(int)64>, cute::C<(int)576>>>>>(SparseAttnDecodeParams, T2)",624,64.651749
100,useful,memory_elementwise,"void <unnamed>::all_reduce_two_shot_kernel<__nv_bfloat16, (unsigned int)8, (bool)1>(const host::distributed::AllReduceData *, <unnamed>::AllReduceParams, device::distributed::PullController)",16,28.021265
100,useful,moe_routing,"void at::native::sbtopk::gatherTopK<float, unsigned int, (int)2, (bool)0>(at::cuda::detail::TensorInfo<const T1, T2>, T2, T2, bool, T2, T2, at::cuda::detail::TensorInfo<T1, T2>, T2, at::cuda::detail::TensorInfo<long, T2>, T2, T1 *)",1800,11.05439
100,useful,gemm_other,"void deep_gemm::sm90_fp8_gemm_1d2d_impl<(cute::UMMA::Major)0, (unsigned int)0, (unsigned int)0, (unsigned int)0, (unsigned int)1, (unsigned int)64, (unsigned int)48, (unsigned int)128, (unsigned int)128, (unsigned int)128, (unsigned int)32, (unsigned int)15, (unsigned int)128, (unsigned int)128, (unsigned int)1, (bool)0, (unsigned int)132, (deep_gemm::GemmType)0, deep_gemm::epilogue::transform::EpilogueIdentity>(float *, int *, unsigned int, unsigned int, unsigned int, CUtensorMap_st, CUtensorMap_st, CUtensorMap_st, CUtensorMap_st)",648,7.204314
100,useful,attention_mla,"void smxx::decode::flash_fwd_mla_combine_kernel<cutlass::bfloat16_t, (int)512, (int)8, (int)160, (int)256>(CombineParams)",624,5.957573
100,useful,gemm_other,"void deep_gemm::sm90_fp8_gemm_1d2d_impl<(cute::UMMA::Major)0, (unsigned int)0, (unsigned int)0, (unsigned int)0, (unsigned int)1, (unsigned int)64, (unsigned int)96, (unsigned int)128, (unsigned int)128, (unsigned int)128, (unsigned int)64, (unsigned int)10, (unsigned int)128, (unsigned int)128, (unsigned int)1, (bool)0, (unsigned int)132, (deep_gemm::GemmType)0, deep_gemm::epilogue::transform::EpilogueIdentity>(float *, int *, unsigned int, unsigned int, unsigned int, CUtensorMap_st, CUtensorMap_st, CUtensorMap_st, CUtensorMap_st)",648,5.483547
100,useful,other,"void at::native::bitonicSortKVInPlace<(int)2, (int)-1, (int)16, (int)16, float, long, at::native::GTOp<float, (bool)1>, unsigned int>(at::cuda::detail::TensorInfo<T5, T8>, T8, T8, T8, at::cuda::detail::TensorInfo<T6, T8>, T8, T7)",1200,5.28287
100,useful,gemm_other,"void deep_gemm::sm90_fp8_gemm_1d2d_impl<(cute::UMMA::Major)0, (unsigned int)0, (unsigned int)0, (unsigned int)0, (unsigned int)1, (unsigned int)64, (unsigned int)32, (unsigned int)128, (unsigned int)128, (unsigned int)128, (unsigned int)64, (unsigned int)16, (unsigned int)128, (unsigned int)128, (unsigned int)1, (bool)0, (unsigned int)132, (deep_gemm::GemmType)0, deep_gemm::epilogue::transform::EpilogueIdentity>(float *, int *, unsigned int, unsigned int, unsigned int, CUtensorMap_st, CUtensorMap_st, CUtensorMap_st, CUtensorMap_st)",624,3.819518
100,useful,attention_projection,nvjet_sm90_tst_64x16_64x16_2x4_h_bz_splitK_TNT,600,3.738624
100,useful,gemm_other,"void <unnamed>::per_token_group_quant_8bit_v2_kernel<<unnamed>::NaiveScheduler, (int)128, (int)8, __nv_bfloat16, __nv_fp8_e4m3, (bool)0, (bool)0, (bool)0, (bool)1, float>(const T4 *, T5 *, T10 *, const int *, int, int, int, int, int)",1200,3.383938
100,useful,attention_indexer,"void deep_gemm::sm90_fp8_paged_mqa_logits<(unsigned int)1, (unsigned int)32, (unsigned int)128, (unsigned int)64, (bool)1, (bool)0, (unsigned int)3, (unsigned int)3, (unsigned int)256, (unsigned int)128, (unsigned int)512, float>(unsigned int, unsigned int, unsigned int, const unsigned int *, T12 *, const unsigned int *, const unsigned int *, const unsigned int *, CUtensorMap_st, CUtensorMap_st, CUtensorMap_st, CUtensorMap_st)",168,3.357979
100,useful,memory_elementwise,"void at::native::elementwise_kernel<(int)128, (int)4, void at::native::gpu_kernel_impl_nocast<at::native::direct_copy_kernel_cuda(at::TensorIteratorBase &)::[lambda() (instance 3)]::operator ()() const::[lambda() (instance 12)]::operator ()() const::[lambda(c10::BFloat16) (instance 1)]>(at::TensorIteratorBase &, const T1 &)::[lambda(int) (instance 1)]>(int, T3)",1256,3.243581
100,useful,moe_routing,"void moe_sum_reduce_kernel<c10::BFloat16, (int)9>(const T1 *, T1 *, long, long, long, long, long, at::OpMathType<T1>::type)",600,2.840416
100,useful,attention_projection,nvjet_sm90_tst_64x40_64x16_4x1_v_bz_TNT,624,2.516605
100,useful,attention_projection,nvjet_sm90_tst_64x56_64x14_1x2_h_bz_TNT,624,2.366651
100,useful,attention_indexer,"<unnamed>::topk_transform_decode_kernel(<unnamed>::FastTopKParams, int *, const int *, long)",168,2.305598
100,useful,memory_elementwise,"void <unnamed>::act_and_mul_kernel<__nv_bfloat16, (<unnamed>::ActivationKind)0, (bool)1, (bool)0>(<unnamed>::ActivationParams)",624,1.929756
100,useful,memory_elementwise,"void at::native::vectorized_elementwise_kernel<(int)8, at::native::FillFunctor<c10::BFloat16>, std::array<char *, (unsigned long)1>>(int, T2, T3)",624,1.816672
100,useful,gemm_other,"void deep_gemm::sm90_fp8_gemm_1d2d_impl<(cute::UMMA::Major)0, (unsigned int)0, (unsigned int)0, (unsigned int)0, (unsigned int)1, (unsigned int)64, (unsigned int)16, (unsigned int)128, (unsigned int)128, (unsigned int)128, (unsigned int)32, (unsigned int)16, (unsigned int)128, (unsigned int)128, (unsigned int)1, (bool)0, (unsigned int)132, (deep_gemm::GemmType)0, deep_gemm::epilogue::transform::EpilogueIdentity>(float *, int *, unsigned int, unsigned int, unsigned int, CUtensorMap_st, CUtensorMap_st, CUtensorMap_st, CUtensorMap_st)",168,1.706913
100,useful,moe_routing,"void moe_align_block_size_kernel<int>(const T1 *, int *, int *, int *, int, int, unsigned long, int *, bool, int, int)",600,1.624255
100,useful,gemm_other,"void deep_gemm::sm90_fp8_gemm_1d2d_impl<(cute::UMMA::Major)0, (unsigned int)0, (unsigned int)0, (unsigned int)0, (unsigned int)1, (unsigned int)64, (unsigned int)128, (unsigned int)128, (unsigned int)128, (unsigned int)128, (unsigned int)128, (unsigned int)8, (unsigned int)128, (unsigned int)128, (unsigned int)1, (bool)0, (unsigned int)72, (deep_gemm::GemmType)0, deep_gemm::epilogue::transform::EpilogueIdentity>(float *, int *, unsigned int, unsigned int, unsigned int, CUtensorMap_st, CUtensorMap_st, CUtensorMap_st, CUtensorMap_st)",168,1.478018
100,useful,norm_rope_quant,"void <unnamed>::fused_rope_kernel<(bool)0, (long)64, (bool)1, __nv_bfloat16, long, (unsigned int)8>(<unnamed>::FusedRopeParams)",792,1.457153
100,useful,attention_mla,kernel_cutlass_kernel_flashinfernormkernelsrmsnormRMSNormKernel_object_at__tensorptrbf16gmemalign16o2048i64div81_tensorptrbf16gmemalign16o20481_tensorptrbf16gmemalign16o2048i64div81___Tru_0,624,1.446969
100,useful,memory_elementwise,"void at::native::<unnamed>::distribution_elementwise_grid_stride_kernel<unsigned long, (int)2, void at::native::templates::cuda::random_from_to_kernel<at::CUDAGeneratorImpl *>(at::TensorIteratorBase &, unsigned long, long, T1)::[lambda() (instance 1)]::operator ()() const::[lambda() (instance 4)]::operator ()() const::[lambda(curandStatePhilox4_32_10 *) (instance 1)], void at::native::<unnamed>::distribution_nullary_kernel<long, unsigned long, ulonglong2, at::CUDAGeneratorImpl *, void at::native::templates::cuda::random_from_to_kernel<at::CUDAGeneratorImpl *>(at::TensorIteratorBase &, unsigned long, long, T1)::[lambda() (instance 1)]::operator ()() const::[lambda() (instance 4)]::operator ()() const::[lambda(curandStatePhilox4_32_10 *) (instance 1)], void at::native::templates::cuda::random_from_to_kernel<at::CUDAGeneratorImpl *>(at::TensorIteratorBase &, unsigned long, long, T1)::[lambda() (instance 1)]::operator ()() const::[lambda() (instance 4)]::operator ()() const::[lambda(unsigned long) (instance 1)]>(at::TensorIteratorBase &, T4, const T5 &, T6)::[lambda(int, unsigned long) (instance 1)]>(long, at::PhiloxCudaState, T3, T4)",600,1.287869
100,useful,attention_mla,"<unnamed>::concat_mla_absorb_q_kernel(__nv_bfloat16 *, __nv_bfloat16 *, __nv_bfloat16 *, int, int, long, int, long, int, long, int)",624,1.279169
100,useful,memory_elementwise,triton_poi_fused__to_copy_copy_div_gather_randint_select_sigmoid_4,600,1.262815
100,useful,memory_elementwise,"void cublasLt::splitKreduce_kernel<(int)32, (int)16, int, float, __nv_bfloat16, float, __nv_bfloat16, (bool)0, float, __nv_bfloat16, __nv_bfloat16, (bool)1, (bool)0, (bool)0, (bool)0>(cublasLt::cublasSplitKParams<T6>, const T4 *, const T10 *, T9 *, T5 *, const T6 *, const T6 *, const T11 *, const T4 *, T11 *, void *, long, T6 *, int *, T6 *, T6 *, const T6 *, const T6 *, const T6 *, const T6 *, const T6 *)",600,1.115358
100,useful,memory_elementwise,triton_red_fused_copy_gather_select_sigmoid_slice_sum_3,600,1.025504
100,useful,norm_rope_quant,_quantize_k_cache_fast_kernel,624,1.006176
100,useful,other,"void <unnamed>::fast_hadamard_transform_kernel<<unnamed>::FastHadamardKernelTraits<(int)16, (int)7, __nv_bfloat16>>(HadamardParamsBase)",336,0.990334
100,useful,attention_mla,kernel_cutlass_kernel_flashinfernormkernelsrmsnormRMSNormKernel_object_at__tensorptrbf16gmemalign16o512i64div81_tensorptrbf16gmemalign16o5121_tensorptrbf16gmemalign16o512i64div81___True_4_0,624,0.967296
100,useful,nccl_sync,ncclDevKernel_AllGather_RING_LL(ncclDevKernelArgsStorage<(unsigned long)4096>),8,0.913439
100,useful,moe_routing,"void count_and_sort_expert_tokens_kernel<int>(const T1 *, int *, int *, unsigned long)",600,0.901438
100,useful,attention_projection,nvjet_sm90_tss_64x8_64x16_1x4_h_bz_splitK_TNT,168,0.85936
100,useful,attention_mla,set_mla_kv_buffer_kernel,624,0.836256
100,useful,other,triton_poi_fused_add_sigmoid_unsqueeze_0,600,0.802016
100,useful,memory_elementwise,triton_poi_fused__to_copy_arange_bitwise_not_eq_expand_masked_fill_scalar_tensor_unsqueeze_view_where_2,600,0.655901
100,useful,other,triton_poi_fused_sum_1,600,0.595617
100,useful,attention_projection,nvjet_sm90_tst_192x104_64x5_4x1_v_bz_TNT,8,0.523872
100,useful,memory_elementwise,"void cublasLt::splitKreduce_kernel<(int)32, (int)16, int, float, float, float, float, (bool)0, float, float, float, (bool)1, (bool)0, (bool)0, (bool)0>(cublasLt::cublasSplitKParams<T6>, const T4 *, const T10 *, T9 *, T5 *, const T6 *, const T6 *, const T11 *, const T4 *, T11 *, void *, long, T6 *, int *, T6 *, T6 *, const T6 *, const T6 *, const T6 *, const T6 *, const T6 *)",168,0.470432
100,useful,memory_elementwise,"void at::native::unrolled_elementwise_kernel<at::native::direct_copy_kernel_cuda(at::TensorIteratorBase &)::[lambda() (instance 3)]::operator ()() const::[lambda() (instance 7)]::operator ()() const::[lambda(float) (instance 1)], std::array<char *, (unsigned long)2>, (int)4, TrivialOffsetCalculator<(int)1, unsigned int>, TrivialOffsetCalculator<(int)1, unsigned int>, at::native::memory::LoadWithCast<(int)1>, at::native::memory::StoreWithCast<(int)1>>(int, T1, T2, T4, T5, T6, T7)",8,0.373727
100,useful,norm_rope_quant,_act_quant_kernel,168,0.314719
100,useful,attention_mla,kernel_cutlass_kernel_flashinfernormkernelslayernormLayerNormKernel_object_at__tensorptrbf16gmemalign16o128div41_tensorptrbf16gmemalign16o128div41_tensorptrf32gmemalign16o1281_tensorptrf3_0,168,0.264
100,useful,attention_indexer,"void <unnamed>::fused_store_indexer_cache<__nv_bfloat16, long, (unsigned int)6, (bool)1>(<unnamed>::FusedStoreCacheParam)",168,0.249695
100,useful,other,triton_poi_fused_mul_0,168,0.183807
100,useful,other,triton_poi_fused_mul_unsqueeze_0,168,0.179104
100,useful,attention_mla,kernel_cutlass_kernel_flashinfernormkernelsfused_add_rmsnormFusedAddRMSNormKernel_object_at__tensorptrbf16gmemalign128o614461441_tensorptrbf16gmemalign128o614461441_tensorptrbf16gmemalign_0,8,0.073056
100,useful,attention_mla,kernel_cutlass_kernel_flashinfernormkernelsrmsnormRMSNormKernel_object_at__tensorptrbf16gmemalign128o614461441_tensorptrbf16gmemalign16o61441_tensorptrbf16gmemalign128o614461441___True_2__0,8,0.026688
100,useful,memory_elementwise,"void at::native::elementwise_kernel<(int)128, (int)4, void at::native::gpu_kernel_impl_nocast<at::native::<unnamed>::masked_fill_kernel(at::TensorIterator &, const c10::Scalar &)::[lambda() (instance 1)]::operator ()() const::[lambda() (instance 12)]::operator ()() const::[lambda(c10::BFloat16, bool) (instance 1)]>(at::TensorIteratorBase &, const T1 &)::[lambda(int) (instance 1)]>(int, T3)",8,0.02272
100,useful,memory_elementwise,"void at::native::vectorized_gather_kernel<(int)16, long>(char *, char *, T2 *, int, long, long, long, long, bool)",8,0.016448
100,useful,memory_elementwise,"void at::native::vectorized_elementwise_kernel<(int)4, at::native::FillFunctor<float>, std::array<char *, (unsigned long)1>>(int, T2, T3)",8,0.007328
100,useful,other,triton_poi_fused_add_bitwise_and_bitwise_not_bitwise_or_ge_lt_mul_sub_0,8,0.006592
200,useful,attention_mla,"void sm90::decode::sparse_fp8::flash_fwd_splitkv_mla_fp8_sparse_kernel<sm90::decode::sparse_fp8::KernelTemplate<(ModelType)0, (int)64>, sm90::decode::sparse_fp8::KernelTemplate<(ModelType)0, (int)64>::TmaParams<cute::tuple<int, int, int, int>, cute::TiledCopy<cute::Copy_Atom<cute::Copy_Traits<cute::SM90_TMA_LOAD, cute::C<(int)65536>, cute::AuxTmaParams<cute::tuple<cute::ScaledBasis<cute::C<(int)1>, (int)1>, cute::ScaledBasis<cute::C<(int)1>, (int)0>, cute::ScaledBasis<cute::C<(int)1>, (int)2>, cute::ScaledBasis<cute::C<(int)1>, (int)3>>, const cute::Layout<cute::tuple<cute::C<(int)64>, cute::C<(int)64>, cute::C<(int)1>, cute::C<(int)1>>, cute::tuple<cute::ScaledBasis<cute::C<(int)1>, (int)1>, cute::ScaledBasis<cute::C<(int)1>, (int)0>, cute::ScaledBasis<cute::C<(int)1>, (int)2>, cute::ScaledBasis<cute::C<(int)1>, (int)3>>> &, const cute::Swizzle<(int)3, (int)4, (int)3> &>>, cutlass::bfloat16_t>, cute::Layout<cute::tuple<cute::C<(int)1>, cute::tuple<cute::tuple<cute::tuple<cute::C<(int)64>, cute::C<(int)64>>, cute::C<(int)9>>>>, cute::tuple<cute::C<(int)0>, cute::tuple<cute::tuple<cute::tuple<cute::C<(int)64>, cute::C<(int)1>>, cute::C<(int)4096>>>>>, cute::tuple<cute::C<(int)64>, cute::C<(int)576>>>>>(SparseAttnDecodeParams, T2)",624,98.272273
200,useful,attention_mla,"void flashinfer::trtllm_allreduce_fusion::allreduce_fusion_kernel_oneshot_lamport<(flashinfer::trtllm_allreduce_fusion::AllReduceFusionPattern)1, __nv_bfloat16, (int)8, (bool)0, (bool)0>(flashinfer::trtllm_allreduce_fusion::AllReduceFusionParams<T2>)",1240,88.281648
200,useful,gemm_other,fused_moe_kernel,1200,57.091322
200,useful,memory_elementwise,"void <unnamed>::all_reduce_two_shot_kernel<__nv_bfloat16, (unsigned int)8, (bool)1>(const host::distributed::AllReduceData *, <unnamed>::AllReduceParams, device::distributed::PullController)",16,29.198297
200,useful,gemm_other,"void <unnamed>::per_token_group_quant_8bit_v2_kernel<<unnamed>::NaiveScheduler, (int)128, (int)8, __nv_bfloat16, __nv_fp8_e4m3, (bool)1, (bool)0, (bool)0, (bool)1, float>(const T4 *, T5 *, T10 *, const int *, int, int, int, int, int)",2256,23.713722
200,useful,moe_routing,"void at::native::sbtopk::gatherTopK<float, unsigned int, (int)2, (bool)0>(at::cuda::detail::TensorInfo<const T1, T2>, T2, T2, bool, T2, T2, at::cuda::detail::TensorInfo<T1, T2>, T2, at::cuda::detail::TensorInfo<long, T2>, T2, T1 *)",1800,11.263965
200,useful,gemm_other,"void deep_gemm::sm90_fp8_gemm_1d2d_impl<(cute::UMMA::Major)0, (unsigned int)0, (unsigned int)0, (unsigned int)0, (unsigned int)1, (unsigned int)64, (unsigned int)80, (unsigned int)128, (unsigned int)128, (unsigned int)128, (unsigned int)32, (unsigned int)11, (unsigned int)128, (unsigned int)128, (unsigned int)1, (bool)0, (unsigned int)132, (deep_gemm::GemmType)0, deep_gemm::epilogue::transform::EpilogueIdentity>(float *, int *, unsigned int, unsigned int, unsigned int, CUtensorMap_st, CUtensorMap_st, CUtensorMap_st, CUtensorMap_st)",624,9.098102
200,useful,attention_mla,"void smxx::decode::flash_fwd_mla_combine_kernel<cutlass::bfloat16_t, (int)512, (int)8, (int)160, (int)256>(CombineParams)",624,6.794791
200,useful,gemm_other,"void deep_gemm::sm90_fp8_gemm_1d2d_impl<(cute::UMMA::Major)0, (unsigned int)0, (unsigned int)0, (unsigned int)0, (unsigned int)1, (unsigned int)128, (unsigned int)96, (unsigned int)128, (unsigned int)128, (unsigned int)128, (unsigned int)64, (unsigned int)7, (unsigned int)128, (unsigned int)256, (unsigned int)1, (bool)0, (unsigned int)132, (deep_gemm::GemmType)0, deep_gemm::epilogue::transform::EpilogueIdentity>(float *, int *, unsigned int, unsigned int, unsigned int, CUtensorMap_st, CUtensorMap_st, CUtensorMap_st, CUtensorMap_st)",648,6.232863
200,useful,other,"void at::native::bitonicSortKVInPlace<(int)2, (int)-1, (int)16, (int)16, float, long, at::native::GTOp<float, (bool)1>, unsigned int>(at::cuda::detail::TensorInfo<T5, T8>, T8, T8, T8, at::cuda::detail::TensorInfo<T6, T8>, T8, T7)",1200,5.322177
200,useful,moe_routing,"void moe_sum_reduce_kernel_warp_token_topk<c10::BFloat16, (int)9, (int)4>(const T1 *, T1 *, long, long, long, long, long, at::OpMathType<T1>::type)",600,4.598497
200,useful,gemm_other,"void deep_gemm::sm90_fp8_gemm_1d2d_impl<(cute::UMMA::Major)0, (unsigned int)0, (unsigned int)0, (unsigned int)0, (unsigned int)1, (unsigned int)64, (unsigned int)64, (unsigned int)128, (unsigned int)128, (unsigned int)128, (unsigned int)128, (unsigned int)13, (unsigned int)128, (unsigned int)128, (unsigned int)1, (bool)0, (unsigned int)132, (deep_gemm::GemmType)0, deep_gemm::epilogue::transform::EpilogueIdentity>(float *, int *, unsigned int, unsigned int, unsigned int, CUtensorMap_st, CUtensorMap_st, CUtensorMap_st, CUtensorMap_st)",624,4.133118
200,useful,memory_elementwise,"void at::native::elementwise_kernel<(int)128, (int)4, void at::native::gpu_kernel_impl_nocast<at::native::direct_copy_kernel_cuda(at::TensorIteratorBase &)::[lambda() (instance 3)]::operator ()() const::[lambda() (instance 12)]::operator ()() const::[lambda(c10::BFloat16) (instance 1)]>(at::TensorIteratorBase &, const T1 &)::[lambda(int) (instance 1)]>(int, T3)",1256,4.087452
200,useful,gemm_other,"void <unnamed>::per_token_group_quant_8bit_v2_kernel<<unnamed>::NaiveScheduler, (int)128, (int)8, __nv_bfloat16, __nv_fp8_e4m3, (bool)0, (bool)0, (bool)0, (bool)1, float>(const T4 *, T5 *, T10 *, const int *, int, int, int, int, int)",1200,3.936089
200,useful,attention_projection,nvjet_sm90_tst_64x40_64x16_4x2_h_bz_splitK_TNT,600,3.697054
200,useful,memory_elementwise,"void at::native::vectorized_elementwise_kernel<(int)8, at::native::FillFunctor<c10::BFloat16>, std::array<char *, (unsigned long)1>>(int, T2, T3)",624,3.16605
200,useful,attention_projection,nvjet_sm90_tst_64x72_64x12_4x1_v_bz_TNT,624,2.854047
200,useful,attention_projection,nvjet_sm90_tst_64x104_64x10_2x1_v_bz_TNT,624,2.55875
200,useful,memory_elementwise,"void <unnamed>::act_and_mul_kernel<__nv_bfloat16, (<unnamed>::ActivationKind)0, (bool)1, (bool)0>(<unnamed>::ActivationParams)",624,2.01465
200,useful,gemm_other,"void deep_gemm::sm90_fp8_gemm_1d2d_impl<(cute::UMMA::Major)0, (unsigned int)0, (unsigned int)0, (unsigned int)0, (unsigned int)1, (unsigned int)64, (unsigned int)16, (unsigned int)128, (unsigned int)128, (unsigned int)128, (unsigned int)32, (unsigned int)16, (unsigned int)128, (unsigned int)128, (unsigned int)1, (bool)0, (unsigned int)132, (deep_gemm::GemmType)0, deep_gemm::epilogue::transform::EpilogueIdentity>(float *, int *, unsigned int, unsigned int, unsigned int, CUtensorMap_st, CUtensorMap_st, CUtensorMap_st, CUtensorMap_st)",168,1.940927
200,useful,attention_indexer,"void deep_gemm::sm90_fp8_paged_mqa_logits<(unsigned int)1, (unsigned int)32, (unsigned int)128, (unsigned int)64, (bool)1, (bool)0, (unsigned int)3, (unsigned int)3, (unsigned int)256, (unsigned int)128, (unsigned int)512, float>(unsigned int, unsigned int, unsigned int, const unsigned int *, T12 *, const unsigned int *, const unsigned int *, const unsigned int *, CUtensorMap_st, CUtensorMap_st, CUtensorMap_st, CUtensorMap_st)",168,1.847329
200,useful,gemm_other,"void deep_gemm::sm90_fp8_gemm_1d2d_impl<(cute::UMMA::Major)0, (unsigned int)0, (unsigned int)0, (unsigned int)0, (unsigned int)1, (unsigned int)128, (unsigned int)128, (unsigned int)128, (unsigned int)128, (unsigned int)128, (unsigned int)128, (unsigned int)5, (unsigned int)128, (unsigned int)256, (unsigned int)1, (bool)0, (unsigned int)72, (deep_gemm::GemmType)0, deep_gemm::epilogue::transform::EpilogueIdentity>(float *, int *, unsigned int, unsigned int, unsigned int, CUtensorMap_st, CUtensorMap_st, CUtensorMap_st, CUtensorMap_st)",168,1.766975
200,useful,moe_routing,"void moe_align_block_size_kernel<int>(const T1 *, int *, int *, int *, int, int, unsigned long, int *, bool, int, int)",600,1.700737
200,useful,norm_rope_quant,"void <unnamed>::fused_rope_kernel<(bool)0, (long)64, (bool)1, __nv_bfloat16, long, (unsigned int)8>(<unnamed>::FusedRopeParams)",792,1.510109
200,useful,attention_mla,kernel_cutlass_kernel_flashinfernormkernelsrmsnormRMSNormKernel_object_at__tensorptrbf16gmemalign16o2048i64div81_tensorptrbf16gmemalign16o20481_tensorptrbf16gmemalign16o2048i64div81___Tru_0,624,1.499376
200,useful,nccl_sync,ncclDevKernel_AllGather_RING_LL(ncclDevKernelArgsStorage<(unsigned long)4096>),8,1.493569
200,useful,attention_mla,"<unnamed>::concat_mla_absorb_q_kernel(__nv_bfloat16 *, __nv_bfloat16 *, __nv_bfloat16 *, int, int, long, int, long, int, long, int)",624,1.316607
200,useful,memory_elementwise,triton_poi_fused__to_copy_copy_div_gather_randint_select_sigmoid_4,600,1.313955
200,useful,memory_elementwise,"void at::native::<unnamed>::distribution_elementwise_grid_stride_kernel<unsigned long, (int)2, void at::native::templates::cuda::random_from_to_kernel<at::CUDAGeneratorImpl *>(at::TensorIteratorBase &, unsigned long, long, T1)::[lambda() (instance 1)]::operator ()() const::[lambda() (instance 4)]::operator ()() const::[lambda(curandStatePhilox4_32_10 *) (instance 1)], void at::native::<unnamed>::distribution_nullary_kernel<long, unsigned long, ulonglong2, at::CUDAGeneratorImpl *, void at::native::templates::cuda::random_from_to_kernel<at::CUDAGeneratorImpl *>(at::TensorIteratorBase &, unsigned long, long, T1)::[lambda() (instance 1)]::operator ()() const::[lambda() (instance 4)]::operator ()() const::[lambda(curandStatePhilox4_32_10 *) (instance 1)], void at::native::templates::cuda::random_from_to_kernel<at::CUDAGeneratorImpl *>(at::TensorIteratorBase &, unsigned long, long, T1)::[lambda() (instance 1)]::operator ()() const::[lambda() (instance 4)]::operator ()() const::[lambda(unsigned long) (instance 1)]>(at::TensorIteratorBase &, T4, const T5 &, T6)::[lambda(int, unsigned long) (instance 1)]>(long, at::PhiloxCudaState, T3, T4)",600,1.303804
200,useful,moe_routing,"void count_and_sort_expert_tokens_kernel<int>(const T1 *, int *, int *, unsigned long)",600,1.107392
200,useful,norm_rope_quant,_quantize_k_cache_fast_kernel,624,1.079105
200,useful,memory_elementwise,triton_red_fused_copy_gather_select_sigmoid_slice_sum_3,600,1.07859
200,useful,attention_mla,set_mla_kv_buffer_kernel,624,1.065438
200,useful,other,"void <unnamed>::fast_hadamard_transform_kernel<<unnamed>::FastHadamardKernelTraits<(int)16, (int)7, __nv_bfloat16>>(HadamardParamsBase)",336,1.063619
200,useful,memory_elementwise,"void cublasLt::splitKreduce_kernel<(int)32, (int)16, int, float, __nv_bfloat16, float, __nv_bfloat16, (bool)0, float, __nv_bfloat16, __nv_bfloat16, (bool)1, (bool)0, (bool)0, (bool)0>(cublasLt::cublasSplitKParams<T6>, const T4 *, const T10 *, T9 *, T5 *, const T6 *, const T6 *, const T11 *, const T4 *, T11 *, void *, long, T6 *, int *, T6 *, T6 *, const T6 *, const T6 *, const T6 *, const T6 *, const T6 *)",600,1.041022
200,useful,attention_mla,kernel_cutlass_kernel_flashinfernormkernelsrmsnormRMSNormKernel_object_at__tensorptrbf16gmemalign16o512i64div81_tensorptrbf16gmemalign16o5121_tensorptrbf16gmemalign16o512i64div81___True_4_0,624,1.01251
200,useful,attention_projection,nvjet_sm90_tss_64x8_64x16_1x4_h_bz_splitK_TNT,168,0.882045
200,useful,other,triton_poi_fused_add_sigmoid_unsqueeze_0,600,0.818782
200,useful,memory_elementwise,"void at::native::unrolled_elementwise_kernel<at::native::direct_copy_kernel_cuda(at::TensorIteratorBase &)::[lambda() (instance 3)]::operator ()() const::[lambda() (instance 7)]::operator ()() const::[lambda(float) (instance 1)], std::array<char *, (unsigned long)2>, (int)4, TrivialOffsetCalculator<(int)1, unsigned int>, TrivialOffsetCalculator<(int)1, unsigned int>, at::native::memory::LoadWithCast<(int)1>, at::native::memory::StoreWithCast<(int)1>>(int, T1, T2, T4, T5, T6, T7)",8,0.722751
200,useful,memory_elementwise,triton_poi_fused__to_copy_arange_bitwise_not_eq_expand_masked_fill_scalar_tensor_unsqueeze_view_where_2,600,0.690562
200,useful,memory_elementwise,"void cublasLt::splitKreduce_kernel<(int)32, (int)16, int, float, float, float, float, (bool)0, float, float, float, (bool)1, (bool)0, (bool)0, (bool)0>(cublasLt::cublasSplitKParams<T6>, const T4 *, const T10 *, T9 *, T5 *, const T6 *, const T6 *, const T11 *, const T4 *, T11 *, void *, long, T6 *, int *, T6 *, T6 *, const T6 *, const T6 *, const T6 *, const T6 *, const T6 *)",168,0.681664
200,useful,attention_projection,nvjet_sm90_tst_192x208_64x4_4x1_v_bz_coopB_TNT,8,0.641408
200,useful,other,triton_poi_fused_sum_1,600,0.606656
200,useful,attention_indexer,"<unnamed>::topk_transform_decode_kernel(<unnamed>::FastTopKParams, int *, const int *, long)",168,0.514431
200,useful,norm_rope_quant,_act_quant_kernel,168,0.352768
200,useful,gemm_other,"void deep_gemm::sm90_fp8_gemm_1d2d_impl<(cute::UMMA::Major)0, (unsigned int)0, (unsigned int)0, (unsigned int)0, (unsigned int)1, (unsigned int)64, (unsigned int)96, (unsigned int)128, (unsigned int)128, (unsigned int)128, (unsigned int)64, (unsigned int)10, (unsigned int)128, (unsigned int)128, (unsigned int)1, (bool)0, (unsigned int)132, (deep_gemm::GemmType)0, deep_gemm::epilogue::transform::EpilogueIdentity>(float *, int *, unsigned int, unsigned int, unsigned int, CUtensorMap_st, CUtensorMap_st, CUtensorMap_st, CUtensorMap_st)",24,0.338912
200,useful,attention_indexer,"void <unnamed>::fused_store_indexer_cache<__nv_bfloat16, long, (unsigned int)6, (bool)1>(<unnamed>::FusedStoreCacheParam)",168,0.279935
200,useful,attention_mla,kernel_cutlass_kernel_flashinfernormkernelslayernormLayerNormKernel_object_at__tensorptrbf16gmemalign16o128div41_tensorptrbf16gmemalign16o128div41_tensorptrf32gmemalign16o1281_tensorptrf3_0,168,0.279392
200,useful,other,triton_poi_fused_mul_unsqueeze_0,168,0.186626
200,useful,other,triton_poi_fused_mul_0,168,0.184481
200,useful,attention_mla,kernel_cutlass_kernel_flashinfernormkernelsfused_add_rmsnormFusedAddRMSNormKernel_object_at__tensorptrbf16gmemalign128o614461441_tensorptrbf16gmemalign128o614461441_tensorptrbf16gmemalign_0,8,0.080288
200,useful,memory_elementwise,"void at::native::elementwise_kernel<(int)128, (int)4, void at::native::gpu_kernel_impl_nocast<at::native::<unnamed>::masked_fill_kernel(at::TensorIterator &, const c10::Scalar &)::[lambda() (instance 1)]::operator ()() const::[lambda() (instance 12)]::operator ()() const::[lambda(c10::BFloat16, bool) (instance 1)]>(at::TensorIteratorBase &, const T1 &)::[lambda(int) (instance 1)]>(int, T3)",8,0.03536
200,useful,attention_mla,kernel_cutlass_kernel_flashinfernormkernelsrmsnormRMSNormKernel_object_at__tensorptrbf16gmemalign128o614461441_tensorptrbf16gmemalign16o61441_tensorptrbf16gmemalign128o614461441___True_2__0,8,0.029376
200,useful,memory_elementwise,"void at::native::vectorized_gather_kernel<(int)16, long>(char *, char *, T2 *, int, long, long, long, long, bool)",8,0.019648
200,useful,memory_elementwise,"void at::native::vectorized_elementwise_kernel<(int)4, at::native::FillFunctor<float>, std::array<char *, (unsigned long)1>>(int, T2, T3)",8,0.007808
200,useful,other,triton_poi_fused_add_bitwise_and_bitwise_not_bitwise_or_ge_lt_mul_sub_0,8,0.007456
500,useful,attention_mla,"void sm90::decode::sparse_fp8::flash_fwd_splitkv_mla_fp8_sparse_kernel<sm90::decode::sparse_fp8::KernelTemplate<(ModelType)0, (int)64>, sm90::decode::sparse_fp8::KernelTemplate<(ModelType)0, (int)64>::TmaParams<cute::tuple<int, int, int, int>, cute::TiledCopy<cute::Copy_Atom<cute::Copy_Traits<cute::SM90_TMA_LOAD, cute::C<(int)65536>, cute::AuxTmaParams<cute::tuple<cute::ScaledBasis<cute::C<(int)1>, (int)1>, cute::ScaledBasis<cute::C<(int)1>, (int)0>, cute::ScaledBasis<cute::C<(int)1>, (int)2>, cute::ScaledBasis<cute::C<(int)1>, (int)3>>, const cute::Layout<cute::tuple<cute::C<(int)64>, cute::C<(int)64>, cute::C<(int)1>, cute::C<(int)1>>, cute::tuple<cute::ScaledBasis<cute::C<(int)1>, (int)1>, cute::ScaledBasis<cute::C<(int)1>, (int)0>, cute::ScaledBasis<cute::C<(int)1>, (int)2>, cute::ScaledBasis<cute::C<(int)1>, (int)3>>> &, const cute::Swizzle<(int)3, (int)4, (int)3> &>>, cutlass::bfloat16_t>, cute::Layout<cute::tuple<cute::C<(int)1>, cute::tuple<cute::tuple<cute::tuple<cute::C<(int)64>, cute::C<(int)64>>, cute::C<(int)9>>>>, cute::tuple<cute::C<(int)0>, cute::tuple<cute::tuple<cute::tuple<cute::C<(int)64>, cute::C<(int)1>>, cute::C<(int)4096>>>>>, cute::tuple<cute::C<(int)64>, cute::C<(int)576>>>>>(SparseAttnDecodeParams, T2)",624,226.9
500,useful,gemm_other,fused_moe_kernel,1200,109.570301
500,useful,attention_mla,"void flashinfer::trtllm_allreduce_fusion::allreduce_fusion_kernel_twoshot_sync<(flashinfer::trtllm_allreduce_fusion::AllReduceFusionPattern)1, __nv_bfloat16, (int)8, (bool)0>(flashinfer::trtllm_allreduce_fusion::AllReduceFusionParams<T2>, std::array<int, T3>, std::array<int, T3>)",1240,96.952268
500,useful,memory_elementwise,"void <unnamed>::all_reduce_two_shot_kernel<__nv_bfloat16, (unsigned int)8, (bool)1>(const host::distributed::AllReduceData *, <unnamed>::AllReduceParams, device::distributed::PullController)",16,32.530582
500,useful,gemm_other,"void deep_gemm::sm90_fp8_gemm_1d2d_impl<(cute::UMMA::Major)0, (unsigned int)0, (unsigned int)0, (unsigned int)0, (unsigned int)1, (unsigned int)128, (unsigned int)192, (unsigned int)128, (unsigned int)128, (unsigned int)128, (unsigned int)128, (unsigned int)4, (unsigned int)128, (unsigned int)256, (unsigned int)1, (bool)0, (unsigned int)132, (deep_gemm::GemmType)0, deep_gemm::epilogue::transform::EpilogueIdentity>(float *, int *, unsigned int, unsigned int, unsigned int, CUtensorMap_st, CUtensorMap_st, CUtensorMap_st, CUtensorMap_st)",648,26.813545
500,useful,moe_routing,"void at::native::sbtopk::gatherTopK<float, unsigned int, (int)2, (bool)0>(at::cuda::detail::TensorInfo<const T1, T2>, T2, T2, bool, T2, T2, at::cuda::detail::TensorInfo<T1, T2>, T2, at::cuda::detail::TensorInfo<long, T2>, T2, T1 *)",1800,15.274099
500,useful,gemm_other,"void deep_gemm::sm90_fp8_gemm_1d2d_impl<(cute::UMMA::Major)0, (unsigned int)0, (unsigned int)0, (unsigned int)0, (unsigned int)1, (unsigned int)128, (unsigned int)80, (unsigned int)128, (unsigned int)128, (unsigned int)128, (unsigned int)32, (unsigned int)7, (unsigned int)128, (unsigned int)256, (unsigned int)1, (bool)0, (unsigned int)132, (deep_gemm::GemmType)0, deep_gemm::epilogue::transform::EpilogueIdentity>(float *, int *, unsigned int, unsigned int, unsigned int, CUtensorMap_st, CUtensorMap_st, CUtensorMap_st, CUtensorMap_st)",624,11.499906
500,useful,moe_routing,"void moe_sum_reduce_warp_per_token_vec_kernel<(int)8>(const c10::BFloat16 *, c10::BFloat16 *, long, long, long, long, long, long, float)",600,9.98617
500,useful,memory_elementwise,"void at::native::vectorized_elementwise_kernel<(int)8, at::native::FillFunctor<c10::BFloat16>, std::array<char *, (unsigned long)1>>(int, T2, T3)",624,7.261334
500,useful,memory_elementwise,"void at::native::elementwise_kernel<(int)128, (int)4, void at::native::gpu_kernel_impl_nocast<at::native::direct_copy_kernel_cuda(at::TensorIteratorBase &)::[lambda() (instance 3)]::operator ()() const::[lambda() (instance 12)]::operator ()() const::[lambda(c10::BFloat16) (instance 1)]>(at::TensorIteratorBase &, const T1 &)::[lambda(int) (instance 1)]>(int, T3)",1256,7.209025
500,useful,attention_mla,"void smxx::decode::flash_fwd_mla_combine_kernel<cutlass::bfloat16_t, (int)512, (int)8, (int)160, (int)256>(CombineParams)",624,6.882239
500,useful,gemm_other,"void deep_gemm::sm90_fp8_gemm_1d2d_impl<(cute::UMMA::Major)0, (unsigned int)0, (unsigned int)0, (unsigned int)0, (unsigned int)1, (unsigned int)256, (unsigned int)128, (unsigned int)128, (unsigned int)128, (unsigned int)128, (unsigned int)128, (unsigned int)3, (unsigned int)128, (unsigned int)256, (unsigned int)1, (bool)0, (unsigned int)72, (deep_gemm::GemmType)0, deep_gemm::epilogue::transform::EpilogueIdentity>(float *, int *, unsigned int, unsigned int, unsigned int, CUtensorMap_st, CUtensorMap_st, CUtensorMap_st, CUtensorMap_st)",168,6.705592
500,useful,gemm_other,"void <unnamed>::per_token_group_quant_8bit_v2_kernel<<unnamed>::NaiveScheduler, (int)128, (int)8, __nv_bfloat16, __nv_fp8_e4m3, (bool)1, (bool)0, (bool)0, (bool)1, float>(const T4 *, T5 *, T10 *, const int *, int, int, int, int, int)",2256,5.675386
500,useful,other,"void at::native::bitonicSortKVInPlace<(int)2, (int)-1, (int)16, (int)16, float, long, at::native::GTOp<float, (bool)1>, unsigned int>(at::cuda::detail::TensorInfo<T5, T8>, T8, T8, T8, at::cuda::detail::TensorInfo<T6, T8>, T8, T7)",1200,5.664223
500,useful,gemm_other,"void <unnamed>::per_token_group_quant_8bit_v2_kernel<<unnamed>::NaiveScheduler, (int)128, (int)8, __nv_bfloat16, __nv_fp8_e4m3, (bool)0, (bool)0, (bool)0, (bool)1, float>(const T4 *, T5 *, T10 *, const int *, int, int, int, int, int)",1200,5.604827
500,useful,gemm_other,"void deep_gemm::sm90_fp8_gemm_1d2d_impl<(cute::UMMA::Major)0, (unsigned int)0, (unsigned int)0, (unsigned int)0, (unsigned int)1, (unsigned int)64, (unsigned int)128, (unsigned int)128, (unsigned int)128, (unsigned int)128, (unsigned int)128, (unsigned int)8, (unsigned int)128, (unsigned int)128, (unsigned int)1, (bool)0, (unsigned int)132, (deep_gemm::GemmType)0, deep_gemm::epilogue::transform::EpilogueIdentity>(float *, int *, unsigned int, unsigned int, unsigned int, CUtensorMap_st, CUtensorMap_st, CUtensorMap_st, CUtensorMap_st)",624,5.551518
500,useful,attention_projection,nvjet_sm90_tst_64x64_64x13_2x4_h_bz_splitK_TNT,600,4.202591
500,useful,attention_indexer,"void deep_gemm::sm90_fp8_paged_mqa_logits<(unsigned int)1, (unsigned int)32, (unsigned int)128, (unsigned int)64, (bool)1, (bool)0, (unsigned int)3, (unsigned int)3, (unsigned int)256, (unsigned int)128, (unsigned int)512, float>(unsigned int, unsigned int, unsigned int, const unsigned int *, T12 *, const unsigned int *, const unsigned int *, const unsigned int *, CUtensorMap_st, CUtensorMap_st, CUtensorMap_st, CUtensorMap_st)",168,3.872287
500,useful,attention_projection,nvjet_sm90_tst_64x128_64x8_2x1_v_bz_TNN,624,3.435833
500,useful,nccl_sync,ncclDevKernel_AllGather_RING_LL(ncclDevKernelArgsStorage<(unsigned long)4096>),8,3.417824
500,useful,attention_projection,nvjet_sm90_tst_128x128_64x6_1x2_h_bz_TNT,624,3.221192
500,useful,memory_elementwise,"void <unnamed>::act_and_mul_kernel<__nv_bfloat16, (<unnamed>::ActivationKind)0, (bool)1, (bool)0>(<unnamed>::ActivationParams)",624,2.378453
500,useful,moe_routing,"void moe_align_block_size_kernel<int>(const T1 *, int *, int *, int *, int, int, unsigned long, int *, bool, int, int)",600,2.065664
500,useful,other,"void <unnamed>::fast_hadamard_transform_kernel<<unnamed>::FastHadamardKernelTraits<(int)16, (int)7, __nv_bfloat16>>(HadamardParamsBase)",336,2.051871
500,useful,gemm_other,"void deep_gemm::sm90_fp8_gemm_1d2d_impl<(cute::UMMA::Major)0, (unsigned int)0, (unsigned int)0, (unsigned int)0, (unsigned int)1, (unsigned int)64, (unsigned int)16, (unsigned int)128, (unsigned int)128, (unsigned int)128, (unsigned int)32, (unsigned int)16, (unsigned int)128, (unsigned int)128, (unsigned int)1, (bool)0, (unsigned int)132, (deep_gemm::GemmType)0, deep_gemm::epilogue::transform::EpilogueIdentity>(float *, int *, unsigned int, unsigned int, unsigned int, CUtensorMap_st, CUtensorMap_st, CUtensorMap_st, CUtensorMap_st)",168,1.929211
500,useful,attention_mla,kernel_cutlass_kernel_flashinfernormkernelsrmsnormRMSNormKernel_object_at__tensorptrbf16gmemalign16o2048i64div81_tensorptrbf16gmemalign16o20481_tensorptrbf16gmemalign16o2048i64div81___Tru_0,624,1.822225
500,useful,norm_rope_quant,"void <unnamed>::fused_rope_kernel<(bool)0, (long)64, (bool)1, __nv_bfloat16, long, (unsigned int)8>(<unnamed>::FusedRopeParams)",792,1.777248
500,useful,memory_elementwise,"void at::native::unrolled_elementwise_kernel<at::native::direct_copy_kernel_cuda(at::TensorIteratorBase &)::[lambda() (instance 3)]::operator ()() const::[lambda() (instance 7)]::operator ()() const::[lambda(float) (instance 1)], std::array<char *, (unsigned long)2>, (int)4, TrivialOffsetCalculator<(int)1, unsigned int>, TrivialOffsetCalculator<(int)1, unsigned int>, at::native::memory::LoadWithCast<(int)1>, at::native::memory::StoreWithCast<(int)1>>(int, T1, T2, T4, T5, T6, T7)",8,1.774944
500,useful,attention_mla,"<unnamed>::concat_mla_absorb_q_kernel(__nv_bfloat16 *, __nv_bfloat16 *, __nv_bfloat16 *, int, int, long, int, long, int, long, int)",624,1.768674
500,useful,moe_routing,"void count_and_sort_expert_tokens_kernel<int>(const T1 *, int *, int *, unsigned long)",600,1.765663
500,useful,norm_rope_quant,_quantize_k_cache_fast_kernel,624,1.677281
500,useful,attention_mla,kernel_cutlass_kernel_flashinfernormkernelsrmsnormRMSNormKernel_object_at__tensorptrbf16gmemalign16o512i64div81_tensorptrbf16gmemalign16o5121_tensorptrbf16gmemalign16o512i64div81___True_4_0,624,1.455587
500,useful,memory_elementwise,triton_poi_fused__to_copy_copy_div_gather_randint_select_sigmoid_4,600,1.336385
500,useful,attention_projection,nvjet_sm90_tst_160x256_64x4_1x2_h_bz_coopA_TNN,8,1.304381
500,useful,memory_elementwise,"void at::native::<unnamed>::distribution_elementwise_grid_stride_kernel<unsigned long, (int)2, void at::native::templates::cuda::random_from_to_kernel<at::CUDAGeneratorImpl *>(at::TensorIteratorBase &, unsigned long, long, T1)::[lambda() (instance 1)]::operator ()() const::[lambda() (instance 4)]::operator ()() const::[lambda(curandStatePhilox4_32_10 *) (instance 1)], void at::native::<unnamed>::distribution_nullary_kernel<long, unsigned long, ulonglong2, at::CUDAGeneratorImpl *, void at::native::templates::cuda::random_from_to_kernel<at::CUDAGeneratorImpl *>(at::TensorIteratorBase &, unsigned long, long, T1)::[lambda() (instance 1)]::operator ()() const::[lambda() (instance 4)]::operator ()() const::[lambda(curandStatePhilox4_32_10 *) (instance 1)], void at::native::templates::cuda::random_from_to_kernel<at::CUDAGeneratorImpl *>(at::TensorIteratorBase &, unsigned long, long, T1)::[lambda() (instance 1)]::operator ()() const::[lambda() (instance 4)]::operator ()() const::[lambda(unsigned long) (instance 1)]>(at::TensorIteratorBase &, T4, const T5 &, T6)::[lambda(int, unsigned long) (instance 1)]>(long, at::PhiloxCudaState, T3, T4)",600,1.304001
500,useful,memory_elementwise,"void cublasLt::splitKreduce_kernel<(int)32, (int)16, int, float, __nv_bfloat16, float, __nv_bfloat16, (bool)0, float, __nv_bfloat16, __nv_bfloat16, (bool)1, (bool)0, (bool)0, (bool)0>(cublasLt::cublasSplitKParams<T6>, const T4 *, const T10 *, T9 *, T5 *, const T6 *, const T6 *, const T11 *, const T4 *, T11 *, void *, long, T6 *, int *, T6 *, T6 *, const T6 *, const T6 *, const T6 *, const T6 *, const T6 *)",600,1.252606
500,useful,memory_elementwise,triton_red_fused_copy_gather_select_sigmoid_slice_sum_3,600,1.152704
500,useful,attention_projection,nvjet_sm90_tss_64x24_64x16_1x4_h_bz_splitK_TNT,168,0.978815
500,useful,attention_mla,set_mla_kv_buffer_kernel,624,0.948253
500,useful,other,triton_poi_fused_add_sigmoid_unsqueeze_0,600,0.942076
500,useful,attention_indexer,"<unnamed>::topk_transform_decode_kernel(<unnamed>::FastTopKParams, int *, const int *, long)",168,0.835935
500,useful,memory_elementwise,triton_poi_fused__to_copy_arange_bitwise_not_eq_expand_masked_fill_scalar_tensor_unsqueeze_view_where_2,600,0.763391
500,useful,memory_elementwise,"void cublasLt::splitKreduce_kernel<(int)32, (int)16, int, float, float, float, float, (bool)0, float, float, float, (bool)1, (bool)0, (bool)0, (bool)0>(cublasLt::cublasSplitKParams<T6>, const T4 *, const T10 *, T9 *, T5 *, const T6 *, const T6 *, const T11 *, const T4 *, T11 *, void *, long, T6 *, int *, T6 *, T6 *, const T6 *, const T6 *, const T6 *, const T6 *, const T6 *)",168,0.755006
500,useful,other,triton_poi_fused_sum_1,600,0.622624
500,useful,norm_rope_quant,_act_quant_kernel,168,0.45888
500,useful,gemm_other,"void deep_gemm::sm90_fp8_gemm_1d2d_impl<(cute::UMMA::Major)0, (unsigned int)0, (unsigned int)0, (unsigned int)0, (unsigned int)1, (unsigned int)128, (unsigned int)96, (unsigned int)128, (unsigned int)128, (unsigned int)128, (unsigned int)64, (unsigned int)7, (unsigned int)128, (unsigned int)256, (unsigned int)1, (bool)0, (unsigned int)132, (deep_gemm::GemmType)0, deep_gemm::epilogue::transform::EpilogueIdentity>(float *, int *, unsigned int, unsigned int, unsigned int, CUtensorMap_st, CUtensorMap_st, CUtensorMap_st, CUtensorMap_st)",24,0.427263
500,useful,attention_indexer,"void <unnamed>::fused_store_indexer_cache<__nv_bfloat16, long, (unsigned int)6, (bool)1>(<unnamed>::FusedStoreCacheParam)",168,0.352992
500,useful,attention_mla,kernel_cutlass_kernel_flashinfernormkernelslayernormLayerNormKernel_object_at__tensorptrbf16gmemalign16o128div41_tensorptrbf16gmemalign16o128div41_tensorptrf32gmemalign16o1281_tensorptrf3_0,168,0.319072
500,useful,other,triton_poi_fused_mul_unsqueeze_0,168,0.211359
500,useful,other,triton_poi_fused_mul_0,168,0.20528
500,useful,attention_mla,kernel_cutlass_kernel_flashinfernormkernelsfused_add_rmsnormFusedAddRMSNormKernel_object_at__tensorptrbf16gmemalign128o614461441_tensorptrbf16gmemalign128o614461441_tensorptrbf16gmemalign_0,8,0.14304
500,useful,memory_elementwise,"void at::native::elementwise_kernel<(int)128, (int)4, void at::native::gpu_kernel_impl_nocast<at::native::<unnamed>::masked_fill_kernel(at::TensorIterator &, const c10::Scalar &)::[lambda() (instance 1)]::operator ()() const::[lambda() (instance 12)]::operator ()() const::[lambda(c10::BFloat16, bool) (instance 1)]>(at::TensorIteratorBase &, const T1 &)::[lambda(int) (instance 1)]>(int, T3)",8,0.063129
500,useful,attention_mla,kernel_cutlass_kernel_flashinfernormkernelsrmsnormRMSNormKernel_object_at__tensorptrbf16gmemalign128o614461441_tensorptrbf16gmemalign16o61441_tensorptrbf16gmemalign128o614461441___True_2__0,8,0.038848
500,useful,memory_elementwise,"void at::native::vectorized_gather_kernel<(int)16, long>(char *, char *, T2 *, int, long, long, long, long, bool)",8,0.027712
500,useful,memory_elementwise,"void at::native::vectorized_elementwise_kernel<(int)4, at::native::FillFunctor<float>, std::array<char *, (unsigned long)1>>(int, T2, T3)",8,0.007072
500,useful,other,triton_poi_fused_add_bitwise_and_bitwise_not_bitwise_or_ge_lt_mul_sub_0,8,0.006304
