elapsed_seconds,sampled_at_utc,dp_rank,running_requests,scrape_group
2.184461248,2026-08-24T07:38:41.199Z,4,0,decode-pod-2
2.184461248,2026-08-24T07:38:41.199Z,5,0,decode-pod-2
2.184461248,2026-08-24T07:38:41.199Z,6,0,decode-pod-2
2.184461248,2026-08-24T07:38:41.199Z,7,1,decode-pod-2
3.124461248,2026-08-24T07:38:42.139Z,0,0,decode-pod-1
3.124461248,2026-08-24T07:38:42.139Z,1,0,decode-pod-1
3.124461248,2026-08-24T07:38:42.139Z,2,0,decode-pod-1
3.124461248,2026-08-24T07:38:42.139Z,3,0,decode-pod-1
7.184461248,2026-08-24T07:38:46.199Z,4,1,decode-pod-2
7.184461248,2026-08-24T07:38:46.199Z,5,2,decode-pod-2
7.184461248,2026-08-24T07:38:46.199Z,6,1,decode-pod-2
7.184461248,2026-08-24T07:38:46.199Z,7,1,decode-pod-2
8.124461248,2026-08-24T07:38:47.139Z,0,2,decode-pod-1
8.124461248,2026-08-24T07:38:47.139Z,1,0,decode-pod-1
8.124461248,2026-08-24T07:38:47.139Z,2,1,decode-pod-1
8.124461248,2026-08-24T07:38:47.139Z,3,1,decode-pod-1
12.184461248,2026-08-24T07:38:51.199Z,4,3,decode-pod-2
12.184461248,2026-08-24T07:38:51.199Z,5,3,decode-pod-2
12.184461248,2026-08-24T07:38:51.199Z,6,4,decode-pod-2
12.184461248,2026-08-24T07:38:51.199Z,7,2,decode-pod-2
13.124461248,2026-08-24T07:38:52.139Z,0,2,decode-pod-1
13.124461248,2026-08-24T07:38:52.139Z,1,3,decode-pod-1
13.124461248,2026-08-24T07:38:52.139Z,2,3,decode-pod-1
13.124461248,2026-08-24T07:38:52.139Z,3,2,decode-pod-1
17.184461248,2026-08-24T07:38:56.199Z,4,2,decode-pod-2
17.184461248,2026-08-24T07:38:56.199Z,5,3,decode-pod-2
17.184461248,2026-08-24T07:38:56.199Z,6,3,decode-pod-2
17.184461248,2026-08-24T07:38:56.199Z,7,2,decode-pod-2
18.124461248,2026-08-24T07:38:57.139Z,0,2,decode-pod-1
18.124461248,2026-08-24T07:38:57.139Z,1,3,decode-pod-1
18.124461248,2026-08-24T07:38:57.139Z,2,3,decode-pod-1
18.124461248,2026-08-24T07:38:57.139Z,3,2,decode-pod-1
22.184461248,2026-08-24T07:39:01.199Z,4,2,decode-pod-2
22.184461248,2026-08-24T07:39:01.199Z,5,4,decode-pod-2
22.184461248,2026-08-24T07:39:01.199Z,6,3,decode-pod-2
22.184461248,2026-08-24T07:39:01.199Z,7,2,decode-pod-2
23.124461248,2026-08-24T07:39:02.139Z,0,2,decode-pod-1
23.124461248,2026-08-24T07:39:02.139Z,1,1,decode-pod-1
23.124461248,2026-08-24T07:39:02.139Z,2,4,decode-pod-1
23.124461248,2026-08-24T07:39:02.139Z,3,2,decode-pod-1
27.184461248,2026-08-24T07:39:06.199Z,4,1,decode-pod-2
27.184461248,2026-08-24T07:39:06.199Z,5,3,decode-pod-2
27.184461248,2026-08-24T07:39:06.199Z,6,3,decode-pod-2
27.184461248,2026-08-24T07:39:06.199Z,7,1,decode-pod-2
28.124461248,2026-08-24T07:39:07.139Z,0,1,decode-pod-1
28.124461248,2026-08-24T07:39:07.139Z,1,3,decode-pod-1
28.124461248,2026-08-24T07:39:07.139Z,2,4,decode-pod-1
28.124461248,2026-08-24T07:39:07.139Z,3,1,decode-pod-1
32.184461248,2026-08-24T07:39:11.199Z,4,2,decode-pod-2
32.184461248,2026-08-24T07:39:11.199Z,5,5,decode-pod-2
32.184461248,2026-08-24T07:39:11.199Z,6,5,decode-pod-2
32.184461248,2026-08-24T07:39:11.199Z,7,3,decode-pod-2
33.124461248,2026-08-24T07:39:12.139Z,0,1,decode-pod-1
33.124461248,2026-08-24T07:39:12.139Z,1,4,decode-pod-1
33.124461248,2026-08-24T07:39:12.139Z,2,4,decode-pod-1
33.124461248,2026-08-24T07:39:12.139Z,3,1,decode-pod-1
37.184461248,2026-08-24T07:39:16.199Z,4,2,decode-pod-2
37.184461248,2026-08-24T07:39:16.199Z,5,6,decode-pod-2
37.184461248,2026-08-24T07:39:16.199Z,6,4,decode-pod-2
37.184461248,2026-08-24T07:39:16.199Z,7,3,decode-pod-2
38.124461248,2026-08-24T07:39:17.139Z,0,1,decode-pod-1
38.124461248,2026-08-24T07:39:17.139Z,1,3,decode-pod-1
38.124461248,2026-08-24T07:39:17.139Z,2,3,decode-pod-1
38.124461248,2026-08-24T07:39:17.139Z,3,3,decode-pod-1
42.184461248,2026-08-24T07:39:21.199Z,4,1,decode-pod-2
42.184461248,2026-08-24T07:39:21.199Z,5,4,decode-pod-2
42.184461248,2026-08-24T07:39:21.199Z,6,3,decode-pod-2
42.184461248,2026-08-24T07:39:21.199Z,7,4,decode-pod-2
43.124461248,2026-08-24T07:39:22.139Z,0,2,decode-pod-1
43.124461248,2026-08-24T07:39:22.139Z,1,2,decode-pod-1
43.124461248,2026-08-24T07:39:22.139Z,2,3,decode-pod-1
43.124461248,2026-08-24T07:39:22.139Z,3,3,decode-pod-1
47.184461248,2026-08-24T07:39:26.199Z,4,1,decode-pod-2
47.184461248,2026-08-24T07:39:26.199Z,5,4,decode-pod-2
47.184461248,2026-08-24T07:39:26.199Z,6,4,decode-pod-2
47.184461248,2026-08-24T07:39:26.199Z,7,6,decode-pod-2
48.124461248,2026-08-24T07:39:27.139Z,0,2,decode-pod-1
48.124461248,2026-08-24T07:39:27.139Z,1,3,decode-pod-1
48.124461248,2026-08-24T07:39:27.139Z,2,2,decode-pod-1
48.124461248,2026-08-24T07:39:27.139Z,3,4,decode-pod-1
52.184461248,2026-08-24T07:39:31.199Z,4,1,decode-pod-2
52.184461248,2026-08-24T07:39:31.199Z,5,4,decode-pod-2
52.184461248,2026-08-24T07:39:31.199Z,6,4,decode-pod-2
52.184461248,2026-08-24T07:39:31.199Z,7,5,decode-pod-2
53.124461248,2026-08-24T07:39:32.139Z,0,3,decode-pod-1
53.124461248,2026-08-24T07:39:32.139Z,1,2,decode-pod-1
53.124461248,2026-08-24T07:39:32.139Z,2,1,decode-pod-1
53.124461248,2026-08-24T07:39:32.139Z,3,4,decode-pod-1
57.184461248,2026-08-24T07:39:36.199Z,4,2,decode-pod-2
57.184461248,2026-08-24T07:39:36.199Z,5,5,decode-pod-2
57.184461248,2026-08-24T07:39:36.199Z,6,3,decode-pod-2
57.184461248,2026-08-24T07:39:36.199Z,7,3,decode-pod-2
58.124461248,2026-08-24T07:39:37.139Z,0,4,decode-pod-1
58.124461248,2026-08-24T07:39:37.139Z,1,2,decode-pod-1
58.124461248,2026-08-24T07:39:37.139Z,2,2,decode-pod-1
58.124461248,2026-08-24T07:39:37.139Z,3,4,decode-pod-1
62.184461248,2026-08-24T07:39:41.199Z,4,3,decode-pod-2
62.184461248,2026-08-24T07:39:41.199Z,5,3,decode-pod-2
62.184461248,2026-08-24T07:39:41.199Z,6,2,decode-pod-2
62.184461248,2026-08-24T07:39:41.199Z,7,3,decode-pod-2
63.124461248,2026-08-24T07:39:42.139Z,0,5,decode-pod-1
63.124461248,2026-08-24T07:39:42.139Z,1,2,decode-pod-1
63.124461248,2026-08-24T07:39:42.139Z,2,2,decode-pod-1
63.124461248,2026-08-24T07:39:42.139Z,3,3,decode-pod-1
67.184461248,2026-08-24T07:39:46.199Z,4,2,decode-pod-2
67.184461248,2026-08-24T07:39:46.199Z,5,2,decode-pod-2
67.184461248,2026-08-24T07:39:46.199Z,6,4,decode-pod-2
67.184461248,2026-08-24T07:39:46.199Z,7,3,decode-pod-2
68.124461248,2026-08-24T07:39:47.139Z,0,5,decode-pod-1
68.124461248,2026-08-24T07:39:47.139Z,1,1,decode-pod-1
68.124461248,2026-08-24T07:39:47.139Z,2,1,decode-pod-1
68.124461248,2026-08-24T07:39:47.139Z,3,1,decode-pod-1
72.184461248,2026-08-24T07:39:51.199Z,4,2,decode-pod-2
72.184461248,2026-08-24T07:39:51.199Z,5,3,decode-pod-2
72.184461248,2026-08-24T07:39:51.199Z,6,6,decode-pod-2
72.184461248,2026-08-24T07:39:51.199Z,7,5,decode-pod-2
73.124461248,2026-08-24T07:39:52.139Z,0,7,decode-pod-1
73.124461248,2026-08-24T07:39:52.139Z,1,1,decode-pod-1
73.124461248,2026-08-24T07:39:52.139Z,2,6,decode-pod-1
73.124461248,2026-08-24T07:39:52.139Z,3,5,decode-pod-1
77.184461248,2026-08-24T07:39:56.199Z,4,4,decode-pod-2
77.184461248,2026-08-24T07:39:56.199Z,5,3,decode-pod-2
77.184461248,2026-08-24T07:39:56.199Z,6,7,decode-pod-2
77.184461248,2026-08-24T07:39:56.199Z,7,10,decode-pod-2
78.124461248,2026-08-24T07:39:57.139Z,0,5,decode-pod-1
78.124461248,2026-08-24T07:39:57.139Z,1,3,decode-pod-1
78.124461248,2026-08-24T07:39:57.139Z,2,5,decode-pod-1
78.124461248,2026-08-24T07:39:57.139Z,3,6,decode-pod-1
82.184461248,2026-08-24T07:40:01.199Z,4,7,decode-pod-2
82.184461248,2026-08-24T07:40:01.199Z,5,4,decode-pod-2
82.184461248,2026-08-24T07:40:01.199Z,6,6,decode-pod-2
82.184461248,2026-08-24T07:40:01.199Z,7,9,decode-pod-2
83.124461248,2026-08-24T07:40:02.139Z,0,4,decode-pod-1
83.124461248,2026-08-24T07:40:02.139Z,1,5,decode-pod-1
83.124461248,2026-08-24T07:40:02.139Z,2,5,decode-pod-1
83.124461248,2026-08-24T07:40:02.139Z,3,4,decode-pod-1
87.184461248,2026-08-24T07:40:06.199Z,4,10,decode-pod-2
87.184461248,2026-08-24T07:40:06.199Z,5,9,decode-pod-2
87.184461248,2026-08-24T07:40:06.199Z,6,5,decode-pod-2
87.184461248,2026-08-24T07:40:06.199Z,7,9,decode-pod-2
88.124461248,2026-08-24T07:40:07.139Z,0,5,decode-pod-1
88.124461248,2026-08-24T07:40:07.139Z,1,6,decode-pod-1
88.124461248,2026-08-24T07:40:07.139Z,2,4,decode-pod-1
88.124461248,2026-08-24T07:40:07.139Z,3,10,decode-pod-1
92.184461248,2026-08-24T07:40:11.199Z,4,11,decode-pod-2
92.184461248,2026-08-24T07:40:11.199Z,5,8,decode-pod-2
92.184461248,2026-08-24T07:40:11.199Z,6,6,decode-pod-2
92.184461248,2026-08-24T07:40:11.199Z,7,9,decode-pod-2
93.124461248,2026-08-24T07:40:12.139Z,0,4,decode-pod-1
93.124461248,2026-08-24T07:40:12.139Z,1,5,decode-pod-1
93.124461248,2026-08-24T07:40:12.139Z,2,1,decode-pod-1
93.124461248,2026-08-24T07:40:12.139Z,3,12,decode-pod-1
97.184461248,2026-08-24T07:40:16.199Z,4,11,decode-pod-2
97.184461248,2026-08-24T07:40:16.199Z,5,7,decode-pod-2
97.184461248,2026-08-24T07:40:16.199Z,6,4,decode-pod-2
97.184461248,2026-08-24T07:40:16.199Z,7,9,decode-pod-2
98.124461248,2026-08-24T07:40:17.139Z,0,4,decode-pod-1
98.124461248,2026-08-24T07:40:17.139Z,1,6,decode-pod-1
98.124461248,2026-08-24T07:40:17.139Z,2,3,decode-pod-1
98.124461248,2026-08-24T07:40:17.139Z,3,12,decode-pod-1
102.184461248,2026-08-24T07:40:21.199Z,4,10,decode-pod-2
102.184461248,2026-08-24T07:40:21.199Z,5,5,decode-pod-2
102.184461248,2026-08-24T07:40:21.199Z,6,3,decode-pod-2
102.184461248,2026-08-24T07:40:21.199Z,7,7,decode-pod-2
103.124461248,2026-08-24T07:40:22.139Z,0,4,decode-pod-1
103.124461248,2026-08-24T07:40:22.139Z,1,9,decode-pod-1
103.124461248,2026-08-24T07:40:22.139Z,2,12,decode-pod-1
103.124461248,2026-08-24T07:40:22.139Z,3,12,decode-pod-1
107.184461248,2026-08-24T07:40:26.199Z,4,8,decode-pod-2
107.184461248,2026-08-24T07:40:26.199Z,5,3,decode-pod-2
107.184461248,2026-08-24T07:40:26.199Z,6,7,decode-pod-2
107.184461248,2026-08-24T07:40:26.199Z,7,7,decode-pod-2
108.124461248,2026-08-24T07:40:27.139Z,0,3,decode-pod-1
108.124461248,2026-08-24T07:40:27.139Z,1,9,decode-pod-1
108.124461248,2026-08-24T07:40:27.139Z,2,10,decode-pod-1
108.124461248,2026-08-24T07:40:27.139Z,3,11,decode-pod-1
112.184461248,2026-08-24T07:40:31.199Z,4,6,decode-pod-2
112.184461248,2026-08-24T07:40:31.199Z,5,4,decode-pod-2
112.184461248,2026-08-24T07:40:31.199Z,6,7,decode-pod-2
112.184461248,2026-08-24T07:40:31.199Z,7,5,decode-pod-2
113.124461248,2026-08-24T07:40:32.139Z,0,2,decode-pod-1
113.124461248,2026-08-24T07:40:32.139Z,1,4,decode-pod-1
113.124461248,2026-08-24T07:40:32.139Z,2,10,decode-pod-1
113.124461248,2026-08-24T07:40:32.139Z,3,10,decode-pod-1
117.184461248,2026-08-24T07:40:36.199Z,4,8,decode-pod-2
117.184461248,2026-08-24T07:40:36.199Z,5,7,decode-pod-2
117.184461248,2026-08-24T07:40:36.199Z,6,7,decode-pod-2
117.184461248,2026-08-24T07:40:36.199Z,7,6,decode-pod-2
118.124461248,2026-08-24T07:40:37.139Z,0,3,decode-pod-1
118.124461248,2026-08-24T07:40:37.139Z,1,6,decode-pod-1
118.124461248,2026-08-24T07:40:37.139Z,2,9,decode-pod-1
118.124461248,2026-08-24T07:40:37.139Z,3,12,decode-pod-1
122.184461248,2026-08-24T07:40:41.199Z,4,11,decode-pod-2
122.184461248,2026-08-24T07:40:41.199Z,5,7,decode-pod-2
122.184461248,2026-08-24T07:40:41.199Z,6,7,decode-pod-2
122.184461248,2026-08-24T07:40:41.199Z,7,6,decode-pod-2
123.124461248,2026-08-24T07:40:42.139Z,0,3,decode-pod-1
123.124461248,2026-08-24T07:40:42.139Z,1,11,decode-pod-1
123.124461248,2026-08-24T07:40:42.139Z,2,8,decode-pod-1
123.124461248,2026-08-24T07:40:42.139Z,3,10,decode-pod-1
127.184461248,2026-08-24T07:40:46.199Z,4,12,decode-pod-2
127.184461248,2026-08-24T07:40:46.199Z,5,5,decode-pod-2
127.184461248,2026-08-24T07:40:46.199Z,6,4,decode-pod-2
127.184461248,2026-08-24T07:40:46.199Z,7,7,decode-pod-2
128.124461248,2026-08-24T07:40:47.139Z,0,6,decode-pod-1
128.124461248,2026-08-24T07:40:47.139Z,1,12,decode-pod-1
128.124461248,2026-08-24T07:40:47.139Z,2,10,decode-pod-1
128.124461248,2026-08-24T07:40:47.139Z,3,8,decode-pod-1
132.184461248,2026-08-24T07:40:51.199Z,4,12,decode-pod-2
132.184461248,2026-08-24T07:40:51.199Z,5,4,decode-pod-2
132.184461248,2026-08-24T07:40:51.199Z,6,12,decode-pod-2
132.184461248,2026-08-24T07:40:51.199Z,7,9,decode-pod-2
133.124461248,2026-08-24T07:40:52.139Z,0,6,decode-pod-1
133.124461248,2026-08-24T07:40:52.139Z,1,6,decode-pod-1
133.124461248,2026-08-24T07:40:52.139Z,2,11,decode-pod-1
133.124461248,2026-08-24T07:40:52.139Z,3,11,decode-pod-1
137.184461248,2026-08-24T07:40:56.199Z,4,11,decode-pod-2
137.184461248,2026-08-24T07:40:56.199Z,5,4,decode-pod-2
137.184461248,2026-08-24T07:40:56.199Z,6,14,decode-pod-2
137.184461248,2026-08-24T07:40:56.199Z,7,9,decode-pod-2
138.124461248,2026-08-24T07:40:57.139Z,0,5,decode-pod-1
138.124461248,2026-08-24T07:40:57.139Z,1,8,decode-pod-1
138.124461248,2026-08-24T07:40:57.139Z,2,10,decode-pod-1
138.124461248,2026-08-24T07:40:57.139Z,3,12,decode-pod-1
142.184461248,2026-08-24T07:41:01.199Z,4,13,decode-pod-2
142.184461248,2026-08-24T07:41:01.199Z,5,5,decode-pod-2
142.184461248,2026-08-24T07:41:01.199Z,6,16,decode-pod-2
142.184461248,2026-08-24T07:41:01.199Z,7,9,decode-pod-2
143.124461248,2026-08-24T07:41:02.139Z,0,7,decode-pod-1
143.124461248,2026-08-24T07:41:02.139Z,1,9,decode-pod-1
143.124461248,2026-08-24T07:41:02.139Z,2,7,decode-pod-1
143.124461248,2026-08-24T07:41:02.139Z,3,8,decode-pod-1
147.184461248,2026-08-24T07:41:06.199Z,4,11,decode-pod-2
147.184461248,2026-08-24T07:41:06.199Z,5,3,decode-pod-2
147.184461248,2026-08-24T07:41:06.199Z,6,16,decode-pod-2
147.184461248,2026-08-24T07:41:06.199Z,7,7,decode-pod-2
148.124461248,2026-08-24T07:41:07.139Z,0,3,decode-pod-1
148.124461248,2026-08-24T07:41:07.139Z,1,7,decode-pod-1
148.124461248,2026-08-24T07:41:07.139Z,2,5,decode-pod-1
148.124461248,2026-08-24T07:41:07.139Z,3,8,decode-pod-1
152.184461248,2026-08-24T07:41:11.199Z,4,8,decode-pod-2
152.184461248,2026-08-24T07:41:11.199Z,5,5,decode-pod-2
152.184461248,2026-08-24T07:41:11.199Z,6,14,decode-pod-2
152.184461248,2026-08-24T07:41:11.199Z,7,6,decode-pod-2
153.124461248,2026-08-24T07:41:12.139Z,0,5,decode-pod-1
153.124461248,2026-08-24T07:41:12.139Z,1,13,decode-pod-1
153.124461248,2026-08-24T07:41:12.139Z,2,7,decode-pod-1
153.124461248,2026-08-24T07:41:12.139Z,3,9,decode-pod-1
157.184461248,2026-08-24T07:41:16.199Z,4,8,decode-pod-2
157.184461248,2026-08-24T07:41:16.199Z,5,11,decode-pod-2
157.184461248,2026-08-24T07:41:16.199Z,6,12,decode-pod-2
157.184461248,2026-08-24T07:41:16.199Z,7,3,decode-pod-2
158.124461248,2026-08-24T07:41:17.139Z,0,6,decode-pod-1
158.124461248,2026-08-24T07:41:17.139Z,1,15,decode-pod-1
158.124461248,2026-08-24T07:41:17.139Z,2,6,decode-pod-1
158.124461248,2026-08-24T07:41:17.139Z,3,8,decode-pod-1
162.184461248,2026-08-24T07:41:21.199Z,4,10,decode-pod-2
162.184461248,2026-08-24T07:41:21.199Z,5,8,decode-pod-2
162.184461248,2026-08-24T07:41:21.199Z,6,16,decode-pod-2
162.184461248,2026-08-24T07:41:21.199Z,7,9,decode-pod-2
163.124461248,2026-08-24T07:41:22.139Z,0,5,decode-pod-1
163.124461248,2026-08-24T07:41:22.139Z,1,15,decode-pod-1
163.124461248,2026-08-24T07:41:22.139Z,2,10,decode-pod-1
163.124461248,2026-08-24T07:41:22.139Z,3,8,decode-pod-1
167.184461248,2026-08-24T07:41:26.199Z,4,8,decode-pod-2
167.184461248,2026-08-24T07:41:26.199Z,5,10,decode-pod-2
167.184461248,2026-08-24T07:41:26.199Z,6,15,decode-pod-2
167.184461248,2026-08-24T07:41:26.199Z,7,14,decode-pod-2
168.124461248,2026-08-24T07:41:27.139Z,0,5,decode-pod-1
168.124461248,2026-08-24T07:41:27.139Z,1,16,decode-pod-1
168.124461248,2026-08-24T07:41:27.139Z,2,10,decode-pod-1
168.124461248,2026-08-24T07:41:27.139Z,3,8,decode-pod-1
172.184461248,2026-08-24T07:41:31.199Z,4,9,decode-pod-2
172.184461248,2026-08-24T07:41:31.199Z,5,11,decode-pod-2
172.184461248,2026-08-24T07:41:31.199Z,6,15,decode-pod-2
172.184461248,2026-08-24T07:41:31.199Z,7,11,decode-pod-2
173.124461248,2026-08-24T07:41:32.139Z,0,3,decode-pod-1
173.124461248,2026-08-24T07:41:32.139Z,1,16,decode-pod-1
173.124461248,2026-08-24T07:41:32.139Z,2,13,decode-pod-1
173.124461248,2026-08-24T07:41:32.139Z,3,10,decode-pod-1
177.184461248,2026-08-24T07:41:36.199Z,4,9,decode-pod-2
177.184461248,2026-08-24T07:41:36.199Z,5,12,decode-pod-2
177.184461248,2026-08-24T07:41:36.199Z,6,11,decode-pod-2
177.184461248,2026-08-24T07:41:36.199Z,7,11,decode-pod-2
178.124461248,2026-08-24T07:41:37.139Z,0,6,decode-pod-1
178.124461248,2026-08-24T07:41:37.139Z,1,15,decode-pod-1
178.124461248,2026-08-24T07:41:37.139Z,2,9,decode-pod-1
178.124461248,2026-08-24T07:41:37.139Z,3,9,decode-pod-1
182.184461248,2026-08-24T07:41:41.199Z,4,8,decode-pod-2
182.184461248,2026-08-24T07:41:41.199Z,5,11,decode-pod-2
182.184461248,2026-08-24T07:41:41.199Z,6,10,decode-pod-2
182.184461248,2026-08-24T07:41:41.199Z,7,16,decode-pod-2
183.124461248,2026-08-24T07:41:42.139Z,0,7,decode-pod-1
183.124461248,2026-08-24T07:41:42.139Z,1,15,decode-pod-1
183.124461248,2026-08-24T07:41:42.139Z,2,10,decode-pod-1
183.124461248,2026-08-24T07:41:42.139Z,3,9,decode-pod-1
187.184461248,2026-08-24T07:41:46.199Z,4,10,decode-pod-2
187.184461248,2026-08-24T07:41:46.199Z,5,11,decode-pod-2
187.184461248,2026-08-24T07:41:46.199Z,6,13,decode-pod-2
187.184461248,2026-08-24T07:41:46.199Z,7,16,decode-pod-2
188.124461248,2026-08-24T07:41:47.139Z,0,7,decode-pod-1
188.124461248,2026-08-24T07:41:47.139Z,1,14,decode-pod-1
188.124461248,2026-08-24T07:41:47.139Z,2,10,decode-pod-1
188.124461248,2026-08-24T07:41:47.139Z,3,8,decode-pod-1
192.184461248,2026-08-24T07:41:51.199Z,4,11,decode-pod-2
192.184461248,2026-08-24T07:41:51.199Z,5,16,decode-pod-2
192.184461248,2026-08-24T07:41:51.199Z,6,9,decode-pod-2
192.184461248,2026-08-24T07:41:51.199Z,7,15,decode-pod-2
193.124461248,2026-08-24T07:41:52.139Z,0,7,decode-pod-1
193.124461248,2026-08-24T07:41:52.139Z,1,16,decode-pod-1
193.124461248,2026-08-24T07:41:52.139Z,2,11,decode-pod-1
193.124461248,2026-08-24T07:41:52.139Z,3,8,decode-pod-1
197.184461248,2026-08-24T07:41:56.199Z,4,10,decode-pod-2
197.184461248,2026-08-24T07:41:56.199Z,5,16,decode-pod-2
197.184461248,2026-08-24T07:41:56.199Z,6,10,decode-pod-2
197.184461248,2026-08-24T07:41:56.199Z,7,13,decode-pod-2
198.124461248,2026-08-24T07:41:57.139Z,0,7,decode-pod-1
198.124461248,2026-08-24T07:41:57.139Z,1,13,decode-pod-1
198.124461248,2026-08-24T07:41:57.139Z,2,7,decode-pod-1
198.124461248,2026-08-24T07:41:57.139Z,3,7,decode-pod-1
202.184461248,2026-08-24T07:42:01.199Z,4,11,decode-pod-2
202.184461248,2026-08-24T07:42:01.199Z,5,14,decode-pod-2
202.184461248,2026-08-24T07:42:01.199Z,6,11,decode-pod-2
202.184461248,2026-08-24T07:42:01.199Z,7,13,decode-pod-2
203.124461248,2026-08-24T07:42:02.139Z,0,6,decode-pod-1
203.124461248,2026-08-24T07:42:02.139Z,1,10,decode-pod-1
203.124461248,2026-08-24T07:42:02.139Z,2,9,decode-pod-1
203.124461248,2026-08-24T07:42:02.139Z,3,8,decode-pod-1
207.184461248,2026-08-24T07:42:06.199Z,4,10,decode-pod-2
207.184461248,2026-08-24T07:42:06.199Z,5,12,decode-pod-2
207.184461248,2026-08-24T07:42:06.199Z,6,9,decode-pod-2
207.184461248,2026-08-24T07:42:06.199Z,7,15,decode-pod-2
208.124461248,2026-08-24T07:42:07.139Z,0,7,decode-pod-1
208.124461248,2026-08-24T07:42:07.139Z,1,11,decode-pod-1
208.124461248,2026-08-24T07:42:07.139Z,2,10,decode-pod-1
208.124461248,2026-08-24T07:42:07.139Z,3,9,decode-pod-1
212.184461248,2026-08-24T07:42:11.199Z,4,14,decode-pod-2
212.184461248,2026-08-24T07:42:11.199Z,5,14,decode-pod-2
212.184461248,2026-08-24T07:42:11.199Z,6,8,decode-pod-2
212.184461248,2026-08-24T07:42:11.199Z,7,15,decode-pod-2
213.124461248,2026-08-24T07:42:12.139Z,0,7,decode-pod-1
213.124461248,2026-08-24T07:42:12.139Z,1,9,decode-pod-1
213.124461248,2026-08-24T07:42:12.139Z,2,9,decode-pod-1
213.124461248,2026-08-24T07:42:12.139Z,3,7,decode-pod-1
217.184461248,2026-08-24T07:42:16.199Z,4,15,decode-pod-2
217.184461248,2026-08-24T07:42:16.199Z,5,14,decode-pod-2
217.184461248,2026-08-24T07:42:16.199Z,6,9,decode-pod-2
217.184461248,2026-08-24T07:42:16.199Z,7,10,decode-pod-2
218.124461248,2026-08-24T07:42:17.139Z,0,7,decode-pod-1
218.124461248,2026-08-24T07:42:17.139Z,1,9,decode-pod-1
218.124461248,2026-08-24T07:42:17.139Z,2,10,decode-pod-1
218.124461248,2026-08-24T07:42:17.139Z,3,11,decode-pod-1
222.184461248,2026-08-24T07:42:21.199Z,4,13,decode-pod-2
222.184461248,2026-08-24T07:42:21.199Z,5,15,decode-pod-2
222.184461248,2026-08-24T07:42:21.199Z,6,9,decode-pod-2
222.184461248,2026-08-24T07:42:21.199Z,7,12,decode-pod-2
223.124461248,2026-08-24T07:42:22.139Z,0,10,decode-pod-1
223.124461248,2026-08-24T07:42:22.139Z,1,7,decode-pod-1
223.124461248,2026-08-24T07:42:22.139Z,2,8,decode-pod-1
223.124461248,2026-08-24T07:42:22.139Z,3,13,decode-pod-1
227.184461248,2026-08-24T07:42:26.199Z,4,10,decode-pod-2
227.184461248,2026-08-24T07:42:26.199Z,5,14,decode-pod-2
227.184461248,2026-08-24T07:42:26.199Z,6,8,decode-pod-2
227.184461248,2026-08-24T07:42:26.199Z,7,12,decode-pod-2
228.124461248,2026-08-24T07:42:27.139Z,0,8,decode-pod-1
228.124461248,2026-08-24T07:42:27.139Z,1,6,decode-pod-1
228.124461248,2026-08-24T07:42:27.139Z,2,9,decode-pod-1
228.124461248,2026-08-24T07:42:27.139Z,3,13,decode-pod-1
232.184461248,2026-08-24T07:42:31.199Z,4,9,decode-pod-2
232.184461248,2026-08-24T07:42:31.199Z,5,15,decode-pod-2
232.184461248,2026-08-24T07:42:31.199Z,6,8,decode-pod-2
232.184461248,2026-08-24T07:42:31.199Z,7,12,decode-pod-2
233.124461248,2026-08-24T07:42:32.139Z,0,15,decode-pod-1
233.124461248,2026-08-24T07:42:32.139Z,1,8,decode-pod-1
233.124461248,2026-08-24T07:42:32.139Z,2,9,decode-pod-1
233.124461248,2026-08-24T07:42:32.139Z,3,14,decode-pod-1
237.184461248,2026-08-24T07:42:36.199Z,4,9,decode-pod-2
237.184461248,2026-08-24T07:42:36.199Z,5,13,decode-pod-2
237.184461248,2026-08-24T07:42:36.199Z,6,7,decode-pod-2
237.184461248,2026-08-24T07:42:36.199Z,7,8,decode-pod-2
238.124461248,2026-08-24T07:42:37.139Z,0,9,decode-pod-1
238.124461248,2026-08-24T07:42:37.139Z,1,4,decode-pod-1
238.124461248,2026-08-24T07:42:37.139Z,2,10,decode-pod-1
238.124461248,2026-08-24T07:42:37.139Z,3,10,decode-pod-1
242.184461248,2026-08-24T07:42:41.199Z,4,9,decode-pod-2
242.184461248,2026-08-24T07:42:41.199Z,5,11,decode-pod-2
242.184461248,2026-08-24T07:42:41.199Z,6,6,decode-pod-2
242.184461248,2026-08-24T07:42:41.199Z,7,7,decode-pod-2
243.124461248,2026-08-24T07:42:42.139Z,0,9,decode-pod-1
243.124461248,2026-08-24T07:42:42.139Z,1,4,decode-pod-1
243.124461248,2026-08-24T07:42:42.139Z,2,7,decode-pod-1
243.124461248,2026-08-24T07:42:42.139Z,3,7,decode-pod-1
247.184461248,2026-08-24T07:42:46.199Z,4,6,decode-pod-2
247.184461248,2026-08-24T07:42:46.199Z,5,8,decode-pod-2
247.184461248,2026-08-24T07:42:46.199Z,6,5,decode-pod-2
247.184461248,2026-08-24T07:42:46.199Z,7,3,decode-pod-2
248.124461248,2026-08-24T07:42:47.139Z,0,8,decode-pod-1
248.124461248,2026-08-24T07:42:47.139Z,1,4,decode-pod-1
248.124461248,2026-08-24T07:42:47.139Z,2,6,decode-pod-1
248.124461248,2026-08-24T07:42:47.139Z,3,7,decode-pod-1
252.184461248,2026-08-24T07:42:51.199Z,4,5,decode-pod-2
252.184461248,2026-08-24T07:42:51.199Z,5,5,decode-pod-2
252.184461248,2026-08-24T07:42:51.199Z,6,4,decode-pod-2
252.184461248,2026-08-24T07:42:51.199Z,7,2,decode-pod-2
253.124461248,2026-08-24T07:42:52.139Z,0,8,decode-pod-1
253.124461248,2026-08-24T07:42:52.139Z,1,4,decode-pod-1
253.124461248,2026-08-24T07:42:52.139Z,2,4,decode-pod-1
253.124461248,2026-08-24T07:42:52.139Z,3,6,decode-pod-1
257.184461248,2026-08-24T07:42:56.199Z,4,4,decode-pod-2
257.184461248,2026-08-24T07:42:56.199Z,5,5,decode-pod-2
257.184461248,2026-08-24T07:42:56.199Z,6,4,decode-pod-2
257.184461248,2026-08-24T07:42:56.199Z,7,2,decode-pod-2
258.124461248,2026-08-24T07:42:57.139Z,0,8,decode-pod-1
258.124461248,2026-08-24T07:42:57.139Z,1,3,decode-pod-1
258.124461248,2026-08-24T07:42:57.139Z,2,4,decode-pod-1
258.124461248,2026-08-24T07:42:57.139Z,3,5,decode-pod-1
262.184461248,2026-08-24T07:43:01.199Z,4,4,decode-pod-2
262.184461248,2026-08-24T07:43:01.199Z,5,4,decode-pod-2
262.184461248,2026-08-24T07:43:01.199Z,6,4,decode-pod-2
262.184461248,2026-08-24T07:43:01.199Z,7,2,decode-pod-2
263.124461248,2026-08-24T07:43:02.139Z,0,7,decode-pod-1
263.124461248,2026-08-24T07:43:02.139Z,1,3,decode-pod-1
263.124461248,2026-08-24T07:43:02.139Z,2,3,decode-pod-1
263.124461248,2026-08-24T07:43:02.139Z,3,3,decode-pod-1
267.184461248,2026-08-24T07:43:06.199Z,4,4,decode-pod-2
267.184461248,2026-08-24T07:43:06.199Z,5,4,decode-pod-2
267.184461248,2026-08-24T07:43:06.199Z,6,4,decode-pod-2
267.184461248,2026-08-24T07:43:06.199Z,7,1,decode-pod-2
268.124461248,2026-08-24T07:43:07.139Z,0,6,decode-pod-1
268.124461248,2026-08-24T07:43:07.139Z,1,2,decode-pod-1
268.124461248,2026-08-24T07:43:07.139Z,2,3,decode-pod-1
268.124461248,2026-08-24T07:43:07.139Z,3,3,decode-pod-1
272.184461248,2026-08-24T07:43:11.199Z,4,4,decode-pod-2
272.184461248,2026-08-24T07:43:11.199Z,5,4,decode-pod-2
272.184461248,2026-08-24T07:43:11.199Z,6,4,decode-pod-2
272.184461248,2026-08-24T07:43:11.199Z,7,1,decode-pod-2
273.124461248,2026-08-24T07:43:12.139Z,0,5,decode-pod-1
273.124461248,2026-08-24T07:43:12.139Z,1,2,decode-pod-1
273.124461248,2026-08-24T07:43:12.139Z,2,2,decode-pod-1
273.124461248,2026-08-24T07:43:12.139Z,3,2,decode-pod-1
277.184461248,2026-08-24T07:43:16.199Z,4,4,decode-pod-2
277.184461248,2026-08-24T07:43:16.199Z,5,4,decode-pod-2
277.184461248,2026-08-24T07:43:16.199Z,6,3,decode-pod-2
277.184461248,2026-08-24T07:43:16.199Z,7,1,decode-pod-2
278.124461248,2026-08-24T07:43:17.139Z,0,4,decode-pod-1
278.124461248,2026-08-24T07:43:17.139Z,1,2,decode-pod-1
278.124461248,2026-08-24T07:43:17.139Z,2,2,decode-pod-1
278.124461248,2026-08-24T07:43:17.139Z,3,2,decode-pod-1
282.184461248,2026-08-24T07:43:21.199Z,4,4,decode-pod-2
282.184461248,2026-08-24T07:43:21.199Z,5,3,decode-pod-2
282.184461248,2026-08-24T07:43:21.199Z,6,2,decode-pod-2
282.184461248,2026-08-24T07:43:21.199Z,7,1,decode-pod-2
283.124461248,2026-08-24T07:43:22.139Z,0,4,decode-pod-1
283.124461248,2026-08-24T07:43:22.139Z,1,2,decode-pod-1
283.124461248,2026-08-24T07:43:22.139Z,2,1,decode-pod-1
283.124461248,2026-08-24T07:43:22.139Z,3,1,decode-pod-1
287.184461248,2026-08-24T07:43:26.199Z,4,3,decode-pod-2
287.184461248,2026-08-24T07:43:26.199Z,5,3,decode-pod-2
287.184461248,2026-08-24T07:43:26.199Z,6,2,decode-pod-2
287.184461248,2026-08-24T07:43:26.199Z,7,1,decode-pod-2
288.124461248,2026-08-24T07:43:27.139Z,0,4,decode-pod-1
288.124461248,2026-08-24T07:43:27.139Z,1,2,decode-pod-1
288.124461248,2026-08-24T07:43:27.139Z,2,1,decode-pod-1
288.124461248,2026-08-24T07:43:27.139Z,3,1,decode-pod-1
292.184461248,2026-08-24T07:43:31.199Z,4,3,decode-pod-2
292.184461248,2026-08-24T07:43:31.199Z,5,2,decode-pod-2
292.184461248,2026-08-24T07:43:31.199Z,6,2,decode-pod-2
292.184461248,2026-08-24T07:43:31.199Z,7,1,decode-pod-2
293.124461248,2026-08-24T07:43:32.139Z,0,3,decode-pod-1
293.124461248,2026-08-24T07:43:32.139Z,1,2,decode-pod-1
293.124461248,2026-08-24T07:43:32.139Z,2,1,decode-pod-1
293.124461248,2026-08-24T07:43:32.139Z,3,1,decode-pod-1
297.184461248,2026-08-24T07:43:36.199Z,4,3,decode-pod-2
297.184461248,2026-08-24T07:43:36.199Z,5,2,decode-pod-2
297.184461248,2026-08-24T07:43:36.199Z,6,2,decode-pod-2
297.184461248,2026-08-24T07:43:36.199Z,7,1,decode-pod-2
298.124461248,2026-08-24T07:43:37.139Z,0,3,decode-pod-1
298.124461248,2026-08-24T07:43:37.139Z,1,2,decode-pod-1
298.124461248,2026-08-24T07:43:37.139Z,2,1,decode-pod-1
298.124461248,2026-08-24T07:43:37.139Z,3,1,decode-pod-1
302.184461248,2026-08-24T07:43:41.199Z,4,3,decode-pod-2
302.184461248,2026-08-24T07:43:41.199Z,5,2,decode-pod-2
302.184461248,2026-08-24T07:43:41.199Z,6,1,decode-pod-2
302.184461248,2026-08-24T07:43:41.199Z,7,1,decode-pod-2
303.124461248,2026-08-24T07:43:42.139Z,0,3,decode-pod-1
303.124461248,2026-08-24T07:43:42.139Z,1,2,decode-pod-1
303.124461248,2026-08-24T07:43:42.139Z,2,1,decode-pod-1
303.124461248,2026-08-24T07:43:42.139Z,3,1,decode-pod-1
307.184461248,2026-08-24T07:43:46.199Z,4,3,decode-pod-2
307.184461248,2026-08-24T07:43:46.199Z,5,2,decode-pod-2
307.184461248,2026-08-24T07:43:46.199Z,6,1,decode-pod-2
307.184461248,2026-08-24T07:43:46.199Z,7,1,decode-pod-2
308.124461248,2026-08-24T07:43:47.139Z,0,3,decode-pod-1
308.124461248,2026-08-24T07:43:47.139Z,1,2,decode-pod-1
308.124461248,2026-08-24T07:43:47.139Z,2,1,decode-pod-1
308.124461248,2026-08-24T07:43:47.139Z,3,1,decode-pod-1
312.184461248,2026-08-24T07:43:51.199Z,4,3,decode-pod-2
312.184461248,2026-08-24T07:43:51.199Z,5,2,decode-pod-2
312.184461248,2026-08-24T07:43:51.199Z,6,1,decode-pod-2
312.184461248,2026-08-24T07:43:51.199Z,7,1,decode-pod-2
313.124461248,2026-08-24T07:43:52.139Z,0,3,decode-pod-1
313.124461248,2026-08-24T07:43:52.139Z,1,2,decode-pod-1
313.124461248,2026-08-24T07:43:52.139Z,2,1,decode-pod-1
313.124461248,2026-08-24T07:43:52.139Z,3,1,decode-pod-1
317.184461248,2026-08-24T07:43:56.199Z,4,2,decode-pod-2
317.184461248,2026-08-24T07:43:56.199Z,5,2,decode-pod-2
317.184461248,2026-08-24T07:43:56.199Z,6,1,decode-pod-2
317.184461248,2026-08-24T07:43:56.199Z,7,1,decode-pod-2
318.124461248,2026-08-24T07:43:57.139Z,0,3,decode-pod-1
318.124461248,2026-08-24T07:43:57.139Z,1,2,decode-pod-1
318.124461248,2026-08-24T07:43:57.139Z,2,1,decode-pod-1
318.124461248,2026-08-24T07:43:57.139Z,3,1,decode-pod-1
322.184461248,2026-08-24T07:44:01.199Z,4,2,decode-pod-2
322.184461248,2026-08-24T07:44:01.199Z,5,2,decode-pod-2
322.184461248,2026-08-24T07:44:01.199Z,6,1,decode-pod-2
322.184461248,2026-08-24T07:44:01.199Z,7,1,decode-pod-2
323.124461248,2026-08-24T07:44:02.139Z,0,3,decode-pod-1
323.124461248,2026-08-24T07:44:02.139Z,1,2,decode-pod-1
323.124461248,2026-08-24T07:44:02.139Z,2,1,decode-pod-1
323.124461248,2026-08-24T07:44:02.139Z,3,1,decode-pod-1
327.184461248,2026-08-24T07:44:06.199Z,4,2,decode-pod-2
327.184461248,2026-08-24T07:44:06.199Z,5,2,decode-pod-2
327.184461248,2026-08-24T07:44:06.199Z,6,1,decode-pod-2
327.184461248,2026-08-24T07:44:06.199Z,7,1,decode-pod-2
328.124461248,2026-08-24T07:44:07.139Z,0,3,decode-pod-1
328.124461248,2026-08-24T07:44:07.139Z,1,2,decode-pod-1
328.124461248,2026-08-24T07:44:07.139Z,2,1,decode-pod-1
328.124461248,2026-08-24T07:44:07.139Z,3,1,decode-pod-1
332.184461248,2026-08-24T07:44:11.199Z,4,2,decode-pod-2
332.184461248,2026-08-24T07:44:11.199Z,5,1,decode-pod-2
332.184461248,2026-08-24T07:44:11.199Z,6,1,decode-pod-2
332.184461248,2026-08-24T07:44:11.199Z,7,1,decode-pod-2
333.124461248,2026-08-24T07:44:12.139Z,0,3,decode-pod-1
333.124461248,2026-08-24T07:44:12.139Z,1,2,decode-pod-1
333.124461248,2026-08-24T07:44:12.139Z,2,1,decode-pod-1
333.124461248,2026-08-24T07:44:12.139Z,3,1,decode-pod-1
337.184461248,2026-08-24T07:44:16.199Z,4,2,decode-pod-2
337.184461248,2026-08-24T07:44:16.199Z,5,1,decode-pod-2
337.184461248,2026-08-24T07:44:16.199Z,6,1,decode-pod-2
337.184461248,2026-08-24T07:44:16.199Z,7,1,decode-pod-2
338.124461248,2026-08-24T07:44:17.139Z,0,3,decode-pod-1
338.124461248,2026-08-24T07:44:17.139Z,1,2,decode-pod-1
338.124461248,2026-08-24T07:44:17.139Z,2,1,decode-pod-1
338.124461248,2026-08-24T07:44:17.139Z,3,1,decode-pod-1
342.184461248,2026-08-24T07:44:21.199Z,4,2,decode-pod-2
342.184461248,2026-08-24T07:44:21.199Z,5,1,decode-pod-2
342.184461248,2026-08-24T07:44:21.199Z,6,1,decode-pod-2
342.184461248,2026-08-24T07:44:21.199Z,7,1,decode-pod-2
343.124461248,2026-08-24T07:44:22.139Z,0,3,decode-pod-1
343.124461248,2026-08-24T07:44:22.139Z,1,2,decode-pod-1
343.124461248,2026-08-24T07:44:22.139Z,2,1,decode-pod-1
343.124461248,2026-08-24T07:44:22.139Z,3,1,decode-pod-1
347.184461248,2026-08-24T07:44:26.199Z,4,2,decode-pod-2
347.184461248,2026-08-24T07:44:26.199Z,5,1,decode-pod-2
347.184461248,2026-08-24T07:44:26.199Z,6,1,decode-pod-2
347.184461248,2026-08-24T07:44:26.199Z,7,1,decode-pod-2
348.124461248,2026-08-24T07:44:27.139Z,0,2,decode-pod-1
348.124461248,2026-08-24T07:44:27.139Z,1,2,decode-pod-1
348.124461248,2026-08-24T07:44:27.139Z,2,1,decode-pod-1
348.124461248,2026-08-24T07:44:27.139Z,3,1,decode-pod-1
352.184461248,2026-08-24T07:44:31.199Z,4,2,decode-pod-2
352.184461248,2026-08-24T07:44:31.199Z,5,1,decode-pod-2
352.184461248,2026-08-24T07:44:31.199Z,6,1,decode-pod-2
352.184461248,2026-08-24T07:44:31.199Z,7,1,decode-pod-2
353.124461248,2026-08-24T07:44:32.139Z,0,2,decode-pod-1
353.124461248,2026-08-24T07:44:32.139Z,1,1,decode-pod-1
353.124461248,2026-08-24T07:44:32.139Z,2,1,decode-pod-1
353.124461248,2026-08-24T07:44:32.139Z,3,1,decode-pod-1
357.184461248,2026-08-24T07:44:36.199Z,4,2,decode-pod-2
357.184461248,2026-08-24T07:44:36.199Z,5,1,decode-pod-2
357.184461248,2026-08-24T07:44:36.199Z,6,1,decode-pod-2
357.184461248,2026-08-24T07:44:36.199Z,7,1,decode-pod-2
358.124461248,2026-08-24T07:44:37.139Z,0,2,decode-pod-1
358.124461248,2026-08-24T07:44:37.139Z,1,1,decode-pod-1
358.124461248,2026-08-24T07:44:37.139Z,2,1,decode-pod-1
358.124461248,2026-08-24T07:44:37.139Z,3,1,decode-pod-1
362.184461248,2026-08-24T07:44:41.199Z,4,2,decode-pod-2
362.184461248,2026-08-24T07:44:41.199Z,5,1,decode-pod-2
362.184461248,2026-08-24T07:44:41.199Z,6,1,decode-pod-2
362.184461248,2026-08-24T07:44:41.199Z,7,1,decode-pod-2
363.124461248,2026-08-24T07:44:42.139Z,0,2,decode-pod-1
363.124461248,2026-08-24T07:44:42.139Z,1,1,decode-pod-1
363.124461248,2026-08-24T07:44:42.139Z,2,1,decode-pod-1
363.124461248,2026-08-24T07:44:42.139Z,3,1,decode-pod-1
367.184461248,2026-08-24T07:44:46.199Z,4,2,decode-pod-2
367.184461248,2026-08-24T07:44:46.199Z,5,1,decode-pod-2
367.184461248,2026-08-24T07:44:46.199Z,6,1,decode-pod-2
367.184461248,2026-08-24T07:44:46.199Z,7,1,decode-pod-2
368.124461248,2026-08-24T07:44:47.139Z,0,2,decode-pod-1
368.124461248,2026-08-24T07:44:47.139Z,1,1,decode-pod-1
368.124461248,2026-08-24T07:44:47.139Z,2,1,decode-pod-1
368.124461248,2026-08-24T07:44:47.139Z,3,1,decode-pod-1
372.184461248,2026-08-24T07:44:51.199Z,4,1,decode-pod-2
372.184461248,2026-08-24T07:44:51.199Z,5,1,decode-pod-2
372.184461248,2026-08-24T07:44:51.199Z,6,1,decode-pod-2
372.184461248,2026-08-24T07:44:51.199Z,7,1,decode-pod-2
373.124461248,2026-08-24T07:44:52.139Z,0,2,decode-pod-1
373.124461248,2026-08-24T07:44:52.139Z,1,1,decode-pod-1
373.124461248,2026-08-24T07:44:52.139Z,2,1,decode-pod-1
373.124461248,2026-08-24T07:44:52.139Z,3,1,decode-pod-1
377.184461248,2026-08-24T07:44:56.199Z,4,1,decode-pod-2
377.184461248,2026-08-24T07:44:56.199Z,5,1,decode-pod-2
377.184461248,2026-08-24T07:44:56.199Z,6,1,decode-pod-2
377.184461248,2026-08-24T07:44:56.199Z,7,1,decode-pod-2
378.124461248,2026-08-24T07:44:57.139Z,0,2,decode-pod-1
378.124461248,2026-08-24T07:44:57.139Z,1,1,decode-pod-1
378.124461248,2026-08-24T07:44:57.139Z,2,1,decode-pod-1
378.124461248,2026-08-24T07:44:57.139Z,3,1,decode-pod-1
382.184461248,2026-08-24T07:45:01.199Z,4,1,decode-pod-2
382.184461248,2026-08-24T07:45:01.199Z,5,1,decode-pod-2
382.184461248,2026-08-24T07:45:01.199Z,6,1,decode-pod-2
382.184461248,2026-08-24T07:45:01.199Z,7,1,decode-pod-2
383.124461248,2026-08-24T07:45:02.139Z,0,2,decode-pod-1
383.124461248,2026-08-24T07:45:02.139Z,1,1,decode-pod-1
383.124461248,2026-08-24T07:45:02.139Z,2,1,decode-pod-1
383.124461248,2026-08-24T07:45:02.139Z,3,1,decode-pod-1
387.184461248,2026-08-24T07:45:06.199Z,4,1,decode-pod-2
387.184461248,2026-08-24T07:45:06.199Z,5,1,decode-pod-2
387.184461248,2026-08-24T07:45:06.199Z,6,1,decode-pod-2
387.184461248,2026-08-24T07:45:06.199Z,7,1,decode-pod-2
388.124461248,2026-08-24T07:45:07.139Z,0,2,decode-pod-1
388.124461248,2026-08-24T07:45:07.139Z,1,1,decode-pod-1
388.124461248,2026-08-24T07:45:07.139Z,2,1,decode-pod-1
388.124461248,2026-08-24T07:45:07.139Z,3,1,decode-pod-1
392.184461248,2026-08-24T07:45:11.199Z,4,1,decode-pod-2
392.184461248,2026-08-24T07:45:11.199Z,5,1,decode-pod-2
392.184461248,2026-08-24T07:45:11.199Z,6,1,decode-pod-2
392.184461248,2026-08-24T07:45:11.199Z,7,1,decode-pod-2
393.124461248,2026-08-24T07:45:12.139Z,0,1,decode-pod-1
393.124461248,2026-08-24T07:45:12.139Z,1,1,decode-pod-1
393.124461248,2026-08-24T07:45:12.139Z,2,1,decode-pod-1
393.124461248,2026-08-24T07:45:12.139Z,3,1,decode-pod-1
397.184461248,2026-08-24T07:45:16.199Z,4,1,decode-pod-2
397.184461248,2026-08-24T07:45:16.199Z,5,1,decode-pod-2
397.184461248,2026-08-24T07:45:16.199Z,6,1,decode-pod-2
397.184461248,2026-08-24T07:45:16.199Z,7,1,decode-pod-2
398.124461248,2026-08-24T07:45:17.139Z,0,1,decode-pod-1
398.124461248,2026-08-24T07:45:17.139Z,1,1,decode-pod-1
398.124461248,2026-08-24T07:45:17.139Z,2,1,decode-pod-1
398.124461248,2026-08-24T07:45:17.139Z,3,1,decode-pod-1
402.184461248,2026-08-24T07:45:21.199Z,4,1,decode-pod-2
402.184461248,2026-08-24T07:45:21.199Z,5,1,decode-pod-2
402.184461248,2026-08-24T07:45:21.199Z,6,1,decode-pod-2
402.184461248,2026-08-24T07:45:21.199Z,7,1,decode-pod-2
403.124461248,2026-08-24T07:45:22.139Z,0,1,decode-pod-1
403.124461248,2026-08-24T07:45:22.139Z,1,1,decode-pod-1
403.124461248,2026-08-24T07:45:22.139Z,2,1,decode-pod-1
403.124461248,2026-08-24T07:45:22.139Z,3,1,decode-pod-1
407.184461248,2026-08-24T07:45:26.199Z,4,1,decode-pod-2
407.184461248,2026-08-24T07:45:26.199Z,5,1,decode-pod-2
407.184461248,2026-08-24T07:45:26.199Z,6,1,decode-pod-2
407.184461248,2026-08-24T07:45:26.199Z,7,1,decode-pod-2
408.124461248,2026-08-24T07:45:27.139Z,0,1,decode-pod-1
408.124461248,2026-08-24T07:45:27.139Z,1,1,decode-pod-1
408.124461248,2026-08-24T07:45:27.139Z,2,1,decode-pod-1
408.124461248,2026-08-24T07:45:27.139Z,3,1,decode-pod-1
