elapsed_seconds,client_in_flight,client_visible_post_ttft_streams_open
0.000000000,1,0
0.001445193,2,0
0.003154837,3,0
0.004415870,4,0
0.006454284,5,0
0.008446297,6,0
0.011482446,7,0
0.013072473,8,0
0.014474499,9,0
0.024886634,10,0
0.027168058,11,0
0.029879148,12,0
0.033242659,13,0
0.034397963,14,0
0.035486131,15,0
0.044388528,16,0
0.046661087,17,0
0.047783591,18,0
0.062195210,19,0
0.067452110,20,0
0.068716790,21,0
0.071813100,22,0
0.081950865,23,0
0.085188935,24,0
0.090243722,25,0
0.103529893,26,0
0.106537305,27,0
0.108961898,28,0
0.114004269,29,0
0.126496450,30,0
0.127715147,31,0
0.138154386,32,0
0.147429586,33,0
0.149461120,34,0
0.150415430,35,0
0.163443999,36,0
0.168698883,37,0
0.177796290,38,0
0.178973930,39,0
0.183094918,40,0
0.184452047,41,0
0.194211634,42,0
0.195594812,43,0
0.200880192,44,0
0.217781940,45,0
0.230747597,46,0
0.231562130,47,0
0.233264254,48,0
0.238208928,49,0
0.247271294,50,0
0.248266949,51,0
0.254859474,52,0
0.255941657,53,0
0.256840031,54,0
0.265552859,55,0
0.278391475,56,0
0.281529961,57,0
0.283934649,58,0
0.296892050,59,0
0.298170171,60,0
0.308558530,61,0
0.317645952,62,0
0.320396595,63,0
0.337025381,64,0
0.338980818,65,0
0.340605757,66,0
0.341688773,67,0
0.344716089,68,0
0.358485592,69,0
0.367353589,70,0
0.368421884,71,0
0.369320194,72,0
0.372917563,73,0
0.375609997,74,0
0.377437850,75,0
0.398105127,76,0
0.400700601,77,0
0.401852577,78,0
0.403029961,79,0
0.403871663,80,0
0.404942966,81,0
0.410577853,82,0
0.419621307,83,0
0.423382069,84,0
0.432791381,85,0
0.443960033,86,0
0.445804014,87,0
0.447625083,88,0
0.456991451,89,0
0.459067657,90,0
0.460173457,91,0
0.469358032,92,0
0.479107282,93,0
0.484070868,94,0
0.485977825,95,0
0.487407691,96,0
0.496877356,97,0
0.497819570,98,0
0.498812889,99,0
0.503795163,100,0
0.596143508,100,1
1.670187795,99,0
1.670390421,100,0
1.923702012,100,1
2.231477113,100,2
2.564998630,100,3
3.020934906,100,4
3.174061012,100,5
3.174310677,99,4
3.174477046,100,4
3.318273072,100,5
3.318296688,100,6
3.335101539,100,7
3.361914971,99,6
3.362006235,100,6
3.577796002,99,5
3.577880034,100,5
3.895674372,100,6
3.896254152,99,5
3.896371977,100,5
3.962450925,100,6
3.962599662,100,7
4.813492053,100,8
5.220504569,99,7
5.220615546,100,7
5.236074724,100,8
5.793412719,99,7
5.793511759,100,7
5.866247682,100,8
5.866321666,100,9
6.084021366,99,8
6.084091350,100,8
6.668682844,100,9
6.744715173,100,10
6.745230888,99,9
6.745351209,100,9
7.683799239,100,10
7.683845768,100,11
7.835847321,100,12
7.835973050,100,13
8.047905222,99,12
8.048068135,100,12
8.287856114,100,13
8.769917657,100,14
8.769952057,100,15
9.997053617,100,16
10.157614909,100,17
10.157761822,100,18
10.632264721,100,19
11.389904281,100,20
11.389991673,100,21
11.924030308,99,20
11.924349958,100,20
12.446917219,100,21
12.447059460,100,22
12.805485148,100,23
12.805540444,100,24
12.805702141,100,25
12.986578549,99,24
12.986686581,100,24
13.050794029,99,23
13.050915597,100,23
13.699225096,99,22
13.699550122,100,22
14.113482974,99,21
14.113631327,100,21
14.145269368,99,20
14.145385145,100,20
17.690793437,100,21
17.710692389,99,20
17.710848998,100,20
17.743571687,100,21
17.744068330,99,20
17.744129418,100,20
17.777990866,100,21
17.778313173,99,20
17.778379701,100,20
17.795422410,99,19
17.795588363,100,19
17.878743205,100,20
17.879916813,99,19
17.879973997,100,19
18.010780397,99,18
18.010874382,100,18
18.422896181,100,19
18.442087001,100,20
18.461464381,99,19
18.461540702,100,19
18.641547567,100,20
18.872974241,100,21
19.116594150,100,22
19.117609901,99,21
19.117695630,100,21
19.408506358,99,20
19.408643031,100,20
19.538198479,99,19
19.538280815,100,19
20.214774603,99,18
20.214860427,100,18
20.343100410,99,17
20.343220699,100,17
21.157387141,100,18
21.537085295,99,17
21.537278320,100,17
21.621597298,100,18
22.080974301,100,19
22.397134228,100,20
22.398896640,99,19
22.398984352,100,19
22.707104224,100,20
22.707171744,100,21
22.744863682,100,22
23.326804086,99,21
23.326954775,100,21
24.089564480,99,20
24.089794433,100,20
24.110619568,99,19
24.110679409,100,19
24.142339881,99,18
24.142408714,100,18
24.241026638,99,17
24.241165359,100,17
27.580881906,99,16
27.581167636,100,16
27.660925846,100,17
28.577308989,100,18
28.578606630,100,19
28.589279951,100,20
28.789252585,100,21
29.532993073,99,20
29.533521845,100,20
30.036535787,100,21
30.036672172,100,22
30.036704332,100,23
30.178173846,100,24
30.527521167,100,25
31.694302154,99,24
31.694486827,100,24
32.423273997,99,23
32.423537870,100,23
32.496799140,100,24
32.621437914,100,25
32.767816997,100,26
33.086609070,100,27
33.086705710,100,28
33.387985023,99,27
33.388266144,100,27
33.980832477,100,28
33.981174559,99,27
33.981252223,100,27
34.071356041,100,28
34.966264957,99,27
34.966499678,100,27
35.739826833,99,26
35.739928786,100,26
35.950437844,99,25
35.950694678,100,25
36.404719901,99,24
36.404787485,100,24
38.103879863,99,23
38.104251129,100,23
38.780860789,100,24
41.135885469,99,23
41.136067871,100,23
41.263394727,100,24
41.282403497,100,25
41.494015891,99,24
41.494167924,100,24
41.564474038,99,23
41.564623127,100,23
41.670696622,99,22
41.670817935,100,22
42.188905260,99,21
42.189149774,100,21
42.390627315,100,22
42.427585584,99,21
42.427641008,100,21
42.835110104,99,20
42.835414266,100,20
42.837069478,99,19
42.837119238,100,19
43.630402241,99,18
43.630643331,100,18
44.016403510,100,19
44.016482839,100,20
44.470847168,100,21
44.511458294,100,22
44.658536422,100,23
45.325930819,100,24
45.779803240,99,23
45.779911241,100,23
46.050527239,100,24
46.050616872,100,25
46.217008124,100,26
46.307763882,100,27
46.309794872,99,26
46.309878264,100,26
48.781032092,99,25
48.781488159,100,25
49.573333361,100,26
49.573531154,100,27
49.735925355,99,26
49.736135148,100,26
50.860946311,99,25
50.861087976,100,25
50.997352110,100,26
50.998915353,99,25
50.998988377,100,25
52.011417010,99,24
52.011512019,100,24
52.880335124,99,23
52.880618326,100,23
54.125690345,99,22
54.125850922,100,22
54.157239777,99,21
54.157411106,100,21
54.331317322,99,20
54.331399850,100,20
54.899300029,100,21
54.952043783,100,22
55.028111856,99,21
55.028565043,100,21
55.112473138,100,22
55.328635547,100,23
55.328671771,100,24
56.323081497,100,25
56.949766815,100,26
56.992731909,99,25
56.992832710,100,25
57.272035135,99,24
57.272217024,100,24
58.616046872,100,25
58.617255680,99,24
58.617452929,100,24
58.645412865,99,23
58.645537122,100,23
58.717285485,100,24
58.843451662,100,25
59.071265927,100,26
59.149627264,100,27
59.151429740,99,26
59.151492652,100,26
59.362610771,99,25
59.362718388,100,25
59.540101907,99,24
59.540166323,100,24
59.610847416,99,23
59.610913688,100,23
59.942942971,100,24
61.546961193,99,23
61.547163115,100,23
62.666311487,99,22
62.666577057,100,22
63.687174578,99,21
63.687411699,100,21
63.931340475,99,20
63.931512476,100,20
64.224103313,99,19
64.224227986,100,19
64.929138127,100,20
64.929221552,100,21
65.214206577,99,20
65.214521971,100,20
65.334024934,100,21
65.335877586,99,20
65.335942707,100,20
65.513706485,99,19
65.513918646,100,19
66.698266345,99,18
66.698347018,100,18
67.013377400,99,17
67.013786171,100,17
67.214991198,100,18
67.215209183,100,19
67.215387968,100,20
67.434444605,100,21
67.435654245,99,20
67.435730406,100,20
67.525047274,100,21
67.525092842,100,22
67.705691680,100,23
67.886726008,100,24
68.759447060,99,23
68.759588181,100,23
69.188357583,99,22
69.188441423,100,22
69.249547154,99,21
69.249692339,100,21
69.515303471,100,22
70.019915248,100,23
70.019964625,100,24
70.978592185,100,25
71.126913041,100,26
71.275916142,100,27
71.298718218,100,28
71.299245006,99,27
71.299319982,100,27
71.460532671,100,28
71.460997890,100,29
71.461040834,100,30
71.505351890,100,31
71.505385362,100,32
71.601084930,100,33
71.639162247,99,32
71.639230791,100,32
71.808143853,100,33
71.808374926,100,34
72.130584590,99,33
72.130687791,100,33
72.333897215,100,34
72.334406339,100,35
72.334478755,100,36
72.466533932,99,35
72.466812046,100,35
72.821203562,100,36
72.955203168,100,37
72.955778436,99,36
72.955872005,100,36
73.913866601,100,37
73.941477030,100,38
73.946988684,100,39
74.053410117,100,40
74.053887656,100,41
74.083840117,99,40
74.084038327,100,40
74.101152396,100,41
74.131410459,100,42
74.160267137,99,41
74.160513027,100,41
74.277922343,99,40
74.277979304,100,40
74.462337751,99,39
74.462407031,100,39
74.673894592,100,40
74.846567551,100,41
74.886640338,99,40
74.886761779,100,40
75.073249425,100,41
75.074396344,99,40
75.074455417,100,40
75.507966771,100,41
75.550800537,100,42
75.707216360,100,43
75.707258921,100,44
75.707295177,100,45
75.727371858,99,44
75.727519411,100,44
75.749521002,100,45
75.886158130,99,44
75.887490780,100,44
76.073248468,100,45
76.073647543,99,44
76.073700375,100,44
76.112444065,99,43
76.112571714,100,43
76.112671682,99,42
76.115386677,100,42
76.218175637,100,43
76.225494567,100,44
76.267484775,99,43
76.267708969,100,43
76.943738145,99,42
76.943830689,100,42
77.045292057,100,43
77.204682077,100,44
77.221197518,100,45
77.332928651,99,44
77.333029708,100,44
77.354989667,100,45
77.662883392,100,46
77.820809210,100,47
77.821064252,100,48
77.864318468,100,49
78.196185638,99,48
78.196265799,100,48
78.309220813,99,47
78.309319405,100,47
78.391650626,99,46
78.391712418,100,46
78.832923761,100,47
78.832945553,100,48
79.016992830,99,47
79.017107967,100,47
79.150080398,100,48
79.388980083,100,49
79.389146452,100,50
79.450236631,100,51
79.490489770,99,50
79.490626603,100,50
79.550534150,100,51
79.613595414,99,50
79.613659830,100,50
79.806497952,99,49
79.806649569,100,49
79.904835297,100,50
79.927692574,99,49
79.928085825,100,49
79.963916310,100,50
79.965044542,99,49
79.965102878,100,49
80.309379221,99,48
80.309484438,98,47
80.309523894,99,47
80.314165686,100,47
80.348608418,99,46
80.348772547,100,46
80.368211241,100,47
80.618436763,99,46
80.618605948,100,46
80.714510317,100,47
81.216737694,100,48
81.563501190,100,49
81.563606791,100,50
81.723393966,100,51
81.724010386,100,52
81.724058354,100,53
81.746951151,99,52
81.747123088,100,52
82.108994240,100,53
82.245988811,99,52
82.246134828,100,52
82.397278743,99,51
82.397573369,100,51
82.435873248,99,50
82.435936320,100,50
82.530615177,100,51
82.676942771,99,50
82.676998452,100,50
82.751565427,100,51
82.752874780,99,50
82.752925052,100,50
82.773432008,100,51
82.835422065,99,50
82.835481426,100,50
82.931538340,100,51
82.931558340,100,52
82.992142243,99,51
82.992385925,100,51
83.226563305,99,50
83.226648778,100,50
83.477465984,100,51
83.477528481,100,52
83.771681056,100,53
83.771821633,99,52
83.771881441,100,52
83.946336461,100,53
83.946384653,100,54
83.989735158,100,55
84.282423500,99,54
84.282490924,100,54
84.302778583,100,55
84.770004088,100,56
84.770048057,100,57
84.795561928,99,56
84.795646376,100,56
84.831971233,99,55
84.832056322,100,55
85.056852806,100,56
85.186491262,99,55
85.186565599,100,55
85.449647209,99,54
85.449769674,100,54
85.701657960,100,55
86.115753245,99,54
86.115834046,100,54
86.679070225,100,55
86.679755830,100,56
86.697135981,100,57
86.699768639,99,56
86.699846751,100,56
86.744906260,100,57
86.746571679,99,56
86.746623072,100,56
87.299616141,100,57
87.447914309,99,56
87.448057414,100,56
87.505457711,100,57
87.685640802,99,56
87.685818467,100,56
87.765038722,99,55
87.765607686,100,55
87.979130749,100,56
88.273863968,99,55
88.273942977,100,55
88.687176112,100,56
88.687219504,100,57
88.849035461,100,58
88.849132870,100,59
89.188013912,99,58
89.188158009,100,58
89.480823118,100,59
89.480840622,100,60
89.798587727,100,61
89.960831239,100,62
90.028726200,99,61
90.028969754,100,61
90.140033075,99,60
90.140181268,100,60
90.396037549,100,61
90.440972417,100,62
90.622027993,99,61
90.622156026,100,61
90.625236335,99,60
90.625295184,100,60
91.144352212,99,59
91.144448181,100,59
91.224277720,99,58
91.224405785,100,58
91.342142111,99,57
91.342262400,100,57
91.379565152,99,56
91.379623296,100,56
91.508464339,99,55
91.508520275,100,55
91.699505648,99,54
91.699676625,100,54
91.780470266,99,53
91.780757148,100,53
91.974460940,99,52
91.974547948,100,52
92.019440960,99,51
92.019868547,100,51
92.174542759,99,50
92.174677672,100,50
92.249915563,100,51
92.369864673,99,50
92.370013762,100,50
92.393282945,100,51
92.553424203,100,52
92.553459115,100,53
92.553585772,100,54
92.597395640,100,55
92.620490902,99,54
92.620564951,100,54
93.235207530,100,55
93.235965679,100,56
93.524183238,99,55
93.524269511,100,55
93.640188225,99,54
93.640271713,100,54
93.739614250,100,55
93.802155703,99,54
93.802310712,100,54
93.900834907,100,55
93.921752906,99,54
93.921950795,100,54
93.924728862,99,53
93.924784799,100,53
94.071245514,100,54
94.071264618,100,55
94.229408774,100,56
94.532263617,99,55
94.532544771,100,55
94.611583873,99,54
94.611643425,100,54
94.766232868,100,55
94.770194399,99,54
94.770258112,98,53
94.770307008,99,53
94.773221812,100,53
94.909751740,100,54
94.909791644,100,55
94.959479888,100,56
94.981458919,99,55
94.981618056,100,55
95.120119517,100,56
95.224733194,99,55
95.224943531,100,55
95.283441276,100,56
95.389353586,99,55
95.389592371,100,55
95.389699476,100,56
95.390046774,99,55
95.397248168,100,55
95.428403197,99,54
95.428473534,100,54
95.607643049,100,55
95.607680234,100,56
95.631412396,99,55
95.631490029,100,55
95.669403985,100,56
95.673052074,99,55
95.673103722,100,55
95.946835421,99,54
95.947026239,100,54
96.125438533,100,55
96.428057471,99,54
96.428225856,100,54
96.429726506,99,53
96.429975372,100,53
96.447397571,100,54
96.629424770,99,53
96.629551907,100,53
96.748023535,99,52
96.748085007,100,52
96.769784036,100,53
96.769828356,100,54
96.820723297,99,53
96.820797602,100,53
96.882080262,99,52
96.882219879,100,52
96.941739678,100,53
97.084478192,100,54
97.084592753,99,53
97.084662482,100,53
97.123387259,99,52
97.123608604,100,52
97.706203028,99,51
97.706310549,100,51
97.784282891,99,50
97.784376140,100,50
98.817351506,100,51
98.817399602,100,52
98.977105880,100,53
99.137029024,100,54
99.297400331,100,55
99.612140791,100,56
99.631445756,99,55
99.631659293,100,55
99.751979445,99,54
99.752236567,100,54
99.867990768,99,53
99.868165938,100,53
100.058609290,100,54
100.196859454,99,53
100.196950398,100,53
100.235150500,99,52
100.235315717,100,52
100.515534565,100,53
100.558848910,100,54
100.621401883,99,53
100.622198912,100,53
100.931774505,99,52
100.931885162,100,52
101.474699633,99,51
101.474994675,100,51
101.571542601,100,52
101.571576553,100,53
101.770729694,100,54
101.770769278,100,55
101.814207207,100,56
102.091563060,100,57
102.091583156,100,58
102.241986106,99,57
102.242253020,100,57
102.262486151,100,58
102.559764124,99,57
102.560118430,100,57
102.755768891,99,56
102.755983580,100,56
102.790250695,100,57
102.792793464,99,56
102.792842713,100,56
103.107602117,99,55
103.107668518,100,55
103.192256745,99,54
103.194248759,100,54
103.243778923,100,55
103.674793524,100,56
103.674875380,100,57
103.718333438,100,58
103.944274698,99,57
103.944389931,100,57
104.027764134,99,56
104.027884935,100,56
104.138770815,99,55
104.138863135,100,55
104.236079130,100,56
104.599581044,100,57
104.723115267,100,58
104.745648637,99,57
104.745850750,100,57
104.885559868,100,58
105.028008652,100,59
105.030546301,99,58
105.030648318,100,58
105.530269501,99,57
105.530340861,100,57
105.647108606,99,56
105.647183998,100,56
105.723875148,99,55
105.724039405,100,55
107.060947349,99,54
107.061070038,100,54
107.153583824,99,53
107.153649712,100,53
107.231142019,99,52
107.231220388,100,52
107.800046685,99,51
107.800168318,100,51
108.182269752,99,50
108.182424217,100,50
108.406216342,100,51
108.409420492,99,50
108.409543757,100,50
108.636193118,99,49
108.636259135,100,49
108.784369781,100,50
108.825137869,99,49
108.825202061,100,49
109.056490398,99,48
109.056746496,100,48
109.214740474,99,47
109.214874459,100,47
109.467505438,99,46
109.467752416,100,46
109.582222992,99,45
109.582544082,100,45
110.444984104,99,44
110.445440395,100,44
110.452029560,99,43
110.452164857,100,43
110.522404922,99,42
110.522578043,100,42
111.480901505,100,43
111.486401319,100,44
111.487062476,100,45
111.538143146,100,46
111.538159370,100,47
111.865004169,100,48
112.003994562,99,47
112.004087234,100,47
112.275138435,99,46
112.275514278,100,46
112.932203929,100,47
112.932817950,100,48
112.932880734,100,49
112.932913950,100,50
113.136867604,100,51
113.397606254,99,50
113.397973073,100,50
113.752171436,100,51
113.753049010,99,50
113.753119890,100,50
113.815795680,100,51
113.860930677,100,52
114.279670410,99,51
114.279733450,100,51
114.418158591,100,52
114.559238469,99,51
114.559515399,100,51
114.792432387,99,50
114.792558628,100,50
114.948381200,99,49
114.948445040,100,49
115.182376083,100,50
115.223009097,99,49
115.223063850,100,49
115.628094401,100,50
115.824946630,100,51
115.965797099,99,50
115.965965900,100,50
116.032184946,100,51
116.193068480,100,52
116.252639608,100,53
116.571880612,100,54
116.614185030,99,53
116.614254534,100,53
117.143825555,100,54
117.486718048,99,53
117.486851873,100,53
117.746088049,100,54
117.746134865,100,55
117.888425632,100,56
117.930279935,99,55
117.930385184,100,55
117.966336054,100,56
117.969286314,99,55
117.969351595,100,55
118.064521367,99,54
118.064621592,100,54
118.355960356,100,55
118.356410983,99,54
118.356477095,100,54
118.455454254,100,55
118.455507022,100,56
118.455524846,100,57
118.653826205,100,58
118.948969763,99,57
118.949047555,100,57
118.999688926,99,56
118.999796671,100,56
119.021311315,100,57
119.053301134,100,58
119.280335777,99,57
119.280485506,100,57
119.395699768,99,56
119.395759128,100,56
119.630915523,99,55
119.631028772,100,55
119.668487525,99,54
119.668581830,100,54
119.729593160,100,55
119.729739561,100,56
119.753061000,99,55
119.753266442,100,55
119.906332963,100,56
119.908144783,99,55
119.908240464,100,55
119.930788042,100,56
119.954396076,99,55
119.954455532,100,55
119.993485016,99,54
119.993559832,100,54
120.031778206,100,55
120.088786245,99,54
120.088884261,100,54
120.289259106,100,55
120.289359267,100,56
120.546125634,99,55
120.546427908,100,55
120.780235942,99,54
120.780304807,100,54
121.112080744,100,55
121.112100296,100,56
121.136294638,99,55
121.136382543,100,55
121.312015874,100,56
121.416855504,99,55
121.416919121,100,55
121.533006636,100,56
121.536647269,99,55
121.537055816,100,55
121.635459242,100,56
121.696242603,99,55
121.696357099,100,55
121.839945635,100,56
122.175501374,99,55
122.175921857,100,55
122.599892954,100,56
122.602740398,99,55
122.602942415,100,55
122.625660139,100,56
122.625691691,100,57
122.845047114,99,56
122.845112778,100,56
123.076709213,99,55
123.076941535,100,55
123.752376883,99,54
123.752575028,100,54
123.775887924,99,53
123.776079893,100,53
123.892488147,99,52
123.892573331,100,52
124.012163079,99,51
124.012480937,98,50
124.012540841,99,50
124.013234862,100,50
124.356638623,99,49
124.356713312,100,49
124.627402046,99,48
124.627493887,100,48
124.648875313,100,49
124.978407139,99,48
124.978497220,100,48
125.037202678,100,49
125.098852029,99,48
125.099099038,100,48
125.236824334,100,49
125.236842286,100,50
125.281231006,100,51
125.606861525,100,52
125.926122465,100,53
125.926143905,100,54
125.985704313,100,55
126.104184165,100,56
126.145724098,99,55
126.145795970,100,55
126.244240901,100,56
126.406062329,100,57
127.053758831,100,58
127.356442825,100,59
127.417258634,100,60
127.517810363,100,61
127.541627422,99,60
127.541709086,100,60
127.619835734,99,59
127.619936598,100,59
127.657905563,99,58
127.658009595,100,58
127.679086892,100,59
127.679404014,100,60
127.679505135,100,61
127.820944504,99,60
127.821046424,100,60
127.934924229,100,61
127.940456491,99,60
127.940525675,100,60
128.018727043,99,59
128.018811939,100,59
128.255568858,100,60
128.299938570,99,59
128.300000618,100,59
128.339191511,99,58
128.339391320,100,58
128.629376699,100,59
128.629525884,100,60
128.673322440,100,61
128.834000245,100,62
129.074417700,99,61
129.074507333,100,61
129.594329039,99,60
129.594456143,100,60
129.638791455,99,59
129.638960032,100,59
129.809638354,100,60
130.281344082,100,61
130.504075784,100,62
130.543759960,99,61
130.543824504,100,61
130.641191411,100,62
130.685161185,100,63
130.708233407,99,62
130.708417440,100,62
130.786230133,100,63
130.786890394,99,62
130.786947354,100,62
131.073487205,100,63
131.280677681,100,64
131.443564397,100,65
131.488029950,100,66
131.611492652,100,67
131.665523774,100,68
132.212903172,100,69
132.213721034,99,68
132.213800107,100,68
132.553745188,99,67
132.553937669,100,67
132.577435686,100,68
132.577453510,100,69
132.907432123,100,70
132.929765876,99,69
132.930090614,100,69
133.056698618,100,70
133.070319223,99,69
133.070396568,100,69
133.247843704,100,70
133.397794939,100,71
133.500950910,99,70
133.501100031,100,70
133.506737990,99,69
133.506797414,100,69
133.584227192,100,70
133.622575423,99,69
133.622626752,100,69
133.683493409,100,70
133.728924472,100,71
133.894216004,100,72
133.999123635,99,71
133.999186356,100,71
134.071481475,100,72
134.125425141,99,71
134.125771319,100,71
134.186451063,100,72
134.408092261,100,73
134.451913650,99,72
134.451975698,100,72
134.452482966,99,71
134.457392343,100,71
134.572562668,99,70
134.572644781,100,70
134.632188709,100,71
134.678288065,100,72
134.678393153,100,73
134.743354655,100,74
134.785073244,99,73
134.785134397,100,73
134.844837398,100,74
134.990878526,99,73
134.990942463,100,73
135.514900517,99,72
135.515032582,100,72
135.527930558,99,71
135.527998431,100,71
135.604149480,99,70
135.604207209,100,70
135.644844991,99,69
135.644950080,100,69
135.645911847,99,68
135.646093928,100,68
135.789779872,99,67
135.790320996,100,67
135.930127714,100,68
136.134354553,100,69
136.134444538,100,70
136.134461722,100,71
136.503332633,100,72
136.669276554,100,73
136.834919225,100,74
136.835346108,100,75
136.943454785,99,74
136.943543682,100,74
137.030851416,99,73
137.030924472,100,73
137.122990479,100,74
137.354177791,99,73
137.354336192,100,73
137.455069139,100,74
137.561725261,99,73
137.562053296,100,73
137.602796295,99,72
137.602931720,100,72
137.762857935,99,71
137.763180914,100,71
137.806853853,99,70
137.806985630,100,70
138.005776784,100,71
138.008595267,99,70
138.008716036,100,70
138.020860663,100,71
138.020876887,99,70
138.021379675,100,70
138.231412890,100,71
138.417594838,99,70
138.417675478,100,70
138.496376529,99,69
138.496444946,100,69
138.557264531,100,70
138.769083998,100,71
138.769117790,100,72
138.769260127,100,73
138.793176611,99,72
138.793249219,100,72
138.834801280,99,71
138.834926145,100,71
139.072515325,100,72
139.075294608,99,71
139.075483089,100,71
139.078714119,99,70
139.078800584,100,70
139.199222657,99,69
139.199512739,100,69
139.313001421,100,70
139.356787161,99,69
139.356960154,100,69
139.637208250,100,70
139.640117582,99,69
139.640290863,100,69
139.664243731,99,68
139.664566326,100,68
139.806621987,100,69
139.809334677,99,68
139.809491415,100,68
140.037566705,100,69
140.092578314,100,70
140.145213939,100,71
140.148098471,99,70
140.148224103,100,70
140.149554353,99,69
140.149614929,100,69
140.310504575,99,68
140.310988227,100,68
140.532250383,100,69
140.577506885,100,70
140.683740061,99,69
140.683811261,100,69
140.721809570,100,70
140.722939945,99,69
140.722994730,100,69
140.744431837,100,70
140.771175540,99,69
140.771249556,100,69
140.831081870,100,70
141.186763955,99,69
141.186904276,100,69
141.302539469,100,70
141.305657602,99,69
141.305920708,100,69
141.547637724,99,68
141.548139903,100,68
141.608781247,100,69
141.754990217,99,68
141.755051337,100,68
141.992030017,100,69
142.039264868,99,68
142.039340901,100,68
142.084001463,99,67
142.084394074,100,67
142.367600654,100,68
142.368033073,99,67
142.368098258,100,67
142.430672318,100,68
142.574789082,100,69
142.576347620,99,68
142.576563974,100,68
143.310414730,99,67
143.310603467,100,67
143.318337280,99,66
143.318422369,100,66
143.514522337,99,65
143.514583137,100,65
144.076516619,99,64
144.076996911,100,64
144.108602983,99,63
144.108693512,100,63
144.111684828,99,62
144.112318657,100,62
144.114240846,99,61
144.114573744,100,61
144.746642715,99,60
144.747302271,100,60
144.786985359,99,59
144.787278193,100,59
145.820475065,99,58
145.820679194,100,58
146.617510670,99,57
146.618293075,100,57
146.629260542,99,56
146.629442559,100,56
146.715168011,99,55
146.715299980,100,55
147.190904934,99,54
147.191012423,100,54
147.744994907,100,55
147.745321565,99,54
147.745423038,100,54
147.984558628,99,53
147.984724357,100,53
148.240310333,99,52
148.240613503,100,52
148.320135136,100,53
148.827387539,100,54
148.973868063,100,55
149.020037211,100,56
149.020233117,100,57
149.020402590,100,58
149.020514718,100,59
149.191207632,100,60
149.214987763,99,59
149.215505590,100,59
149.350668565,100,60
149.350739157,100,61
149.495240051,99,60
149.495412628,100,60
149.557230972,100,61
149.557336733,100,62
149.557546334,100,63
149.557576574,100,64
149.741614187,99,63
149.741736204,100,63
149.764179782,100,64
149.908824357,99,63
149.909229352,100,63
150.103686812,100,64
150.103814557,100,65
150.103937566,100,66
150.165553444,100,67
150.171629166,99,66
150.171862223,100,66
150.635610393,100,67
150.819636934,99,66
150.819811943,100,66
151.024840612,99,65
151.024939076,100,65
151.388572288,99,64
151.388639392,100,64
151.409471823,100,65
151.409993235,100,66
151.644979645,99,65
151.645282111,100,65
151.661989681,100,66
151.734907301,100,67
151.771237182,99,66
151.771299166,100,66
151.809160610,99,65
151.809541476,100,65
151.932780593,100,66
151.976356635,99,65
151.976430492,100,65
152.118055814,100,66
152.143546581,99,65
152.143751030,100,65
152.268195115,99,64
152.268319180,100,64
152.307869275,99,63
152.307929595,100,63
152.318790917,99,62
152.318990983,100,62
152.331445948,100,63
152.354415738,99,62
152.354682523,100,62
152.437743541,99,61
152.437930646,100,61
152.685296277,100,62
152.687660773,99,61
152.687715493,100,61
152.692197220,99,60
152.692352421,100,60
152.729048128,99,59
152.729118465,100,59
152.811441269,99,58
152.811516694,100,58
153.655707822,99,57
153.655866863,100,57
153.801033457,100,58
153.865041608,100,59
153.865639724,99,58
153.865714605,100,58
153.986158854,99,57
153.986286791,100,57
154.249233008,100,58
154.513121184,99,57
154.513634756,100,57
154.656654904,100,58
154.679976632,99,57
154.680185433,100,57
154.719812969,99,56
154.720031594,100,56
155.069841063,99,55
155.069900423,100,55
155.184795803,100,56
155.230535540,100,57
155.230632405,100,58
155.230753302,100,59
155.396415525,100,60
155.966068804,100,61
156.232425509,99,60
156.232893640,100,60
156.254042105,100,61
156.254096985,100,62
156.254136506,100,63
156.254170554,100,64
156.461314917,100,65
156.525645534,99,64
156.525712830,100,64
156.790403156,100,65
156.856746235,99,64
156.856809883,100,64
156.957656174,100,65
156.957823311,100,66
157.004423374,100,67
157.004593328,100,68
157.077284962,100,69
157.109526366,99,68
157.109598079,100,68
157.171848522,100,69
157.521491333,99,68
157.521791399,100,68
157.666334438,100,69
157.666396486,100,70
157.834828200,100,71
157.940503644,100,72
157.942114791,99,71
157.942196008,100,71
157.945220700,99,70
157.945290237,100,70
158.561500283,100,71
158.572909833,99,70
158.572995530,100,70
158.626320119,99,69
158.626409816,100,69
158.697141596,100,70
158.746860305,99,69
158.746974130,100,69
158.758482817,100,70
158.765394128,100,71
158.788378958,99,70
158.788441006,100,70
158.808725433,100,71
158.852602886,99,70
158.852652422,100,70
158.911596890,100,71
158.958076312,100,72
158.958112985,100,73
158.983083844,99,72
158.983141380,100,72
159.019975200,100,73
159.054233163,100,74
159.151684391,100,75
159.951811665,100,76
159.976952733,99,75
159.977049566,100,75
160.119870161,100,76
160.266456317,99,75
160.266700287,100,75
160.388962564,99,74
160.389030245,100,74
160.451669714,100,75
160.516292653,100,76
160.600442349,99,75
160.600507022,100,75
160.947251574,100,76
161.259602898,99,75
161.259668434,100,75
161.423296339,99,74
161.423375636,100,74
161.542962087,99,73
161.543056552,100,73
161.546670529,99,72
161.546736289,100,72
161.606347706,100,73
161.631047299,99,72
161.631486822,100,72
161.653403228,99,71
161.653565277,99,72
161.653612478,100,72
161.698331568,100,73
161.988737142,100,74
161.988781430,100,75
162.524337740,100,76
162.586286260,100,77
162.630496739,99,76
162.630584228,100,76
162.671091193,99,75
162.671195674,100,75
162.754111282,100,76
162.757074438,99,75
162.757235111,100,75
162.798058335,99,74
162.798156416,100,74
162.860695052,100,75
162.906322565,100,76
162.906342373,100,77
162.924700803,100,78
163.025602294,99,77
163.025673175,100,77
163.075896303,99,76
163.076260177,99,77
163.076292593,100,77
163.121551367,100,78
163.192046155,99,77
163.192251148,100,77
163.460735612,100,78
163.460873917,100,79
163.529193201,99,78
163.529307729,100,78
163.589592462,100,79
163.612676461,100,80
163.615465632,99,79
163.615528192,100,79
163.940147760,99,78
163.940483731,100,78
164.355102412,100,79
164.356963896,99,78
164.357144666,100,78
164.460589150,100,79
164.484267297,99,78
164.484446402,100,78
164.524718486,100,79
164.527242535,99,78
164.527454440,98,77
164.527489321,99,77
164.533077455,100,77
164.894024216,100,78
164.895820484,100,79
164.896779563,99,78
164.896842155,100,78
164.916683795,100,79
164.942452196,99,78
164.942506852,100,78
165.085160310,100,79
165.085205526,100,80
165.109719582,99,79
165.109926399,100,79
165.217354912,99,78
165.217433920,100,78
165.878045198,100,79
165.878130991,100,80
165.903124442,99,79
165.903344604,100,79
166.057810206,100,80
166.098764695,100,81
166.252499572,100,82
166.627348509,99,81
166.627647327,100,81
166.649470260,100,82
166.736437512,100,83
166.736840811,100,84
166.842424990,99,83
166.842694752,100,83
166.905916657,100,84
166.973485632,99,83
166.973644289,100,83
167.083104815,99,82
167.083232784,100,82
167.297459660,100,83
167.298316946,100,84
167.300871811,99,83
167.301094917,100,83
167.301651305,99,82
167.306590187,100,82
167.341595738,99,81
167.341652251,100,81
167.404403113,100,82
167.425538810,100,83
167.428384045,99,82
167.428515310,100,82
167.469478599,99,81
167.469761641,100,81
167.532567991,100,82
167.682649371,99,81
167.682796444,100,81
167.783140844,100,82
167.806390091,99,81
167.806512940,100,81
167.856001151,99,80
167.856118048,100,80
167.982740163,100,81
168.006684935,100,82
168.786132004,99,81
168.786257285,100,81
168.797535922,100,82
168.842551719,100,83
168.846330080,99,82
168.846410785,100,82
169.092974586,100,83
169.109542636,99,82
169.109681293,100,82
169.255902903,100,83
169.282368140,99,82
169.282500461,100,82
169.402053376,99,81
169.402265858,100,81
169.424875517,100,82
169.471297595,100,83
169.537873571,99,82
169.538029316,100,82
169.764068081,100,83
169.764141265,100,84
169.764171601,100,85
170.324070830,99,84
170.324407088,100,84
170.448069151,99,83
170.448125280,100,83
170.714717442,100,84
170.844540156,100,85
170.912571022,99,84
170.913308307,100,84
171.067619284,99,83
171.068343737,99,84
171.068377593,98,83
171.068872253,98,84
171.068892189,99,84
171.074083457,100,84
171.269928158,100,85
171.457184449,100,86
171.480031838,100,87
171.507641339,99,86
171.507704380,100,86
171.543105070,100,87
171.546923464,99,86
171.546978921,100,86
171.994585668,99,85
171.994646468,100,85
172.155846164,99,84
172.155943157,100,84
172.228809672,100,85
172.305508982,100,86
172.492740665,99,85
172.492881178,100,85
172.554832258,100,86
172.825401504,99,85
172.825542817,100,85
173.117663667,99,84
173.117751795,100,84
173.138257152,100,85
173.550124422,100,86
173.612877524,100,87
173.618012695,99,86
173.618144472,100,86
173.872439398,99,85
173.872910025,100,85
174.138329892,100,86
174.246245543,99,85
174.246301928,100,85
174.409672103,100,86
174.411198930,99,85
174.411266002,100,85
174.472064051,100,86
174.622875484,99,85
174.623194718,100,85
174.746383402,99,84
174.746965070,100,84
174.753441307,99,83
174.753607836,100,83
174.877135914,99,82
174.877405260,100,82
174.911973433,100,83
174.915157231,99,82
174.915437105,100,82
174.937604617,100,83
174.963888157,99,82
174.964240191,100,82
175.397846682,100,83
175.417268831,100,84
175.541018063,100,85
175.544804009,99,84
175.545050763,100,84
175.586272005,99,83
175.586406278,100,83
175.602547957,99,82
175.602999960,100,82
175.603657308,99,81
175.605633386,100,81
175.611412113,100,82
175.997711848,99,81
175.997836393,100,81
176.131572669,99,80
176.131759967,100,80
176.178282525,99,79
176.178375966,100,79
176.332862048,99,78
176.332920161,100,78
176.473855591,100,79
176.473935847,100,80
176.824965836,99,79
176.825127181,100,79
176.886303825,100,80
177.058647181,100,81
177.284130806,99,80
177.284307544,100,80
177.449075520,99,79
177.449254210,100,79
177.449820358,99,78
177.467839201,100,78
177.486246175,100,79
177.490354459,99,78
177.490416476,100,78
177.534397481,99,77
177.534491274,100,77
177.550221430,100,78
177.880316875,100,79
178.029861644,99,78
178.029979629,100,78
178.193913424,99,77
178.194006737,100,77
178.212289614,100,78
178.564105848,100,79
178.568403062,99,78
178.568509975,100,78
178.569909824,99,77
178.570031297,100,77
178.727060437,100,78
178.730911855,99,77
178.731116337,100,77
179.382049661,99,76
179.382633921,100,76
179.403840018,100,77
179.430919340,99,76
179.431073005,100,76
179.612879018,100,77
179.612985259,100,78
179.613021707,100,79
179.924560098,99,78
179.924815684,100,78
179.986503146,100,79
180.651779801,100,80
180.651795609,99,79
180.652114875,99,80
180.652352765,100,80
180.980080418,100,81
181.149094024,100,82
181.339345536,99,81
181.339518337,100,81
181.645187439,100,82
181.664578356,100,83
181.669533814,99,82
181.669650807,100,82
182.174840604,100,83
182.222371554,99,82
182.222585732,100,82
182.298812078,99,81
182.299007279,100,81
182.343096605,99,80
182.343162110,100,80
182.441738241,100,81
182.925847318,100,82
182.928251943,99,81
182.928343271,100,81
182.969102175,99,80
182.969214783,100,80
182.989441738,100,81
182.989463818,100,82
183.194239237,100,83
183.199936140,99,82
183.199989421,100,82
183.229542103,99,81
183.229679672,100,81
183.331882356,100,82
183.623316929,100,83
183.832073271,100,84
183.898927169,99,83
183.899072162,100,83
183.939658649,99,82
183.939749401,100,82
184.003250060,100,83
184.227470637,100,84
184.233018771,99,83
184.233079539,100,83
184.350472759,99,82
184.350716953,100,82
184.797232876,100,83
184.801032614,99,82
184.801088167,100,82
184.982103167,100,83
185.149201208,100,84
185.179298086,99,83
185.179459143,100,83
185.217447116,100,84
185.218667476,100,85
185.240756651,100,86
185.409010988,100,87
185.618793706,100,88
185.618878922,100,89
185.644971229,99,88
185.645153118,100,88
185.683831207,99,87
185.683949704,100,87
185.970378227,99,86
185.970465107,100,86
186.139304824,99,85
186.139376857,100,85
186.319724876,100,86
186.365652359,100,87
186.432125102,99,86
186.432459569,100,86
186.696883012,100,87
186.924734526,100,88
186.927039213,99,87
186.927095662,100,87
186.961812732,100,88
186.965752663,99,87
186.966039513,100,87
187.011458736,99,86
187.011522672,100,86
187.062519630,100,87
187.080793195,99,86
187.081276814,100,86
187.177144031,99,85
187.177232096,100,85
187.497005391,99,84
187.497269649,100,84
187.602294688,100,85
187.669340267,99,84
187.669455148,100,84
187.781192714,100,85
188.221498131,100,86
188.223229343,99,85
188.223296895,100,85
188.379748367,99,84
188.379978833,100,84
188.441340725,100,85
188.673455403,100,86
188.677640008,99,85
188.677752297,100,85
188.679227731,99,84
188.679431700,100,84
188.950079507,100,85
189.027392229,99,84
189.027490021,100,84
189.078000799,100,85
189.265085377,100,86
189.267954869,99,85
189.268008533,100,85
189.328812438,100,86
189.328941303,100,87
189.328969879,100,88
189.400725443,99,87
189.400802147,100,87
189.441408121,99,86
189.441500186,100,86
189.562654200,99,85
189.562857721,100,85
189.973096596,99,84
189.973170453,100,84
190.277578107,100,85
190.492132825,100,86
190.492260377,100,87
190.492599484,100,88
190.492630460,100,89
190.515965564,99,88
190.516064701,100,88
190.684515871,99,87
190.684654944,100,87
190.888284211,99,86
190.888397268,100,86
190.891001478,99,85
190.891087206,100,85
191.704815022,100,86
191.709871152,99,85
191.709933585,100,85
191.797461576,100,86
191.931665408,100,87
192.011686788,100,88
192.017172266,99,87
192.017247402,100,87
192.225800127,99,86
192.225925184,100,86
192.403605282,100,87
192.509286326,100,88
192.513101648,99,87
192.513158160,100,87
192.532824439,100,88
192.579384982,100,89
192.728456403,99,88
192.728767702,100,88
192.769075434,99,87
192.769183466,100,87
192.849044590,99,86
192.849376496,100,86
192.911720795,100,87
192.976682936,99,86
192.976963066,100,86
193.028378202,100,87
193.029212800,99,86
193.029263744,100,86
193.071267072,100,87
193.107266807,99,86
193.107321431,100,86
193.210068855,100,87
193.357410281,99,86
193.357659595,100,86
193.668569853,100,87
193.776043613,99,86
193.776182110,100,86
194.058440364,100,87
194.072890191,99,86
194.072953968,100,86
194.219319418,100,87
194.784617692,100,88
194.812183545,99,87
194.812254425,100,87
194.976819393,99,86
194.976938178,100,86
195.072186958,99,85
195.072669489,100,85
195.141670026,99,84
195.141758571,100,84
195.794127649,99,83
195.794312514,100,83
195.835666013,99,82
195.835736894,100,82
195.916713737,99,81
195.916833833,100,81
196.080932238,99,80
196.080984110,100,80
196.120489885,99,79
196.120780863,100,79
196.242554849,100,80
196.447986113,100,81
196.452984483,99,80
196.453038947,100,80
197.028996206,99,79
197.029072046,100,79
197.131658445,100,80
197.217000566,99,79
197.217197015,100,79
197.346516621,100,80
197.474533530,100,81
197.474572475,100,82
197.643919491,100,83
197.644027012,100,84
197.670463417,99,83
197.670841691,100,83
198.531011841,99,82
198.531102114,100,82
198.567307546,100,83
198.569553449,99,82
198.569744139,100,82
198.611980556,99,81
198.612118733,100,81
198.835964843,100,82
198.836147436,100,83
198.836273197,100,84
198.859472940,99,83
198.859793454,100,83
199.289176396,100,84
199.314926044,99,83
199.315449504,100,83
199.457582830,100,84
199.457818863,100,85
199.626698005,100,86
199.672851217,100,87
199.779007496,99,86
199.779208266,100,86
199.861715391,99,85
199.862035009,100,85
199.963449208,100,86
200.071219994,100,87
200.112116947,100,88
200.157488073,99,87
200.157548906,100,87
200.604850819,99,86
200.605055364,100,86
200.646765922,99,85
200.647268741,100,85
200.728153168,99,84
200.728260304,100,84
200.810404867,99,83
200.810479524,100,83
200.932467879,99,82
200.932529256,100,82
200.965867660,100,83
200.970098889,99,82
200.970155626,100,82
200.975090251,99,81
200.975272429,98,80
200.975495950,99,80
200.976856856,100,80
201.154000085,100,81
201.154081142,100,82
201.178906528,100,83
201.759772268,99,82
201.759833612,100,82
201.830985588,100,83
201.831040756,99,82
201.831105557,100,82
201.831497463,100,83
201.832887425,99,82
201.833184195,100,82
201.886765842,99,81
201.886894163,100,81
201.902631935,99,80
201.902715967,100,80
201.910155346,99,79
201.910551285,100,79
201.942537616,100,80
202.331352120,99,79
202.331471769,100,79
202.393602883,100,80
202.662641014,99,79
202.662712439,100,79
202.904283790,100,80
202.905417686,99,79
202.905494966,100,79
202.965165327,100,80
202.965205903,100,81
203.056928260,100,82
203.097068055,100,83
203.143824503,100,84
203.143943384,100,85
203.189119310,100,86
203.627482153,99,85
203.627556874,100,85
203.661918357,100,86
203.665580974,99,85
203.665639119,100,85
203.706894985,99,84
203.706970794,100,84
203.823031621,100,85
203.869502275,99,84
203.869556164,100,84
204.178818347,100,85
204.242338782,99,84
204.242457247,100,84
204.364153249,99,83
204.364650436,100,83
204.439972072,100,84
204.444140389,99,83
204.444196965,100,83
204.506350127,100,84
204.532671907,99,83
204.533243495,100,83
204.571671982,99,82
204.571791023,100,82
204.576714929,99,81
204.576806770,100,81
204.853621786,99,80
204.854231326,100,80
205.187305993,99,79
205.187443274,100,79
205.384089357,99,78
205.384551344,100,78
205.687498316,100,79
205.715152713,99,78
205.715680365,100,78
205.752170087,100,79
206.306120986,100,80
206.306461181,100,81
206.368865672,100,82
206.412284146,100,83
206.415916075,99,82
206.416043756,100,82
206.451261149,100,83
206.458527503,99,82
206.458603087,100,82
206.496461171,99,81
206.496517875,100,81
206.659660081,99,80
206.660003795,100,80
206.864317835,99,79
206.864403180,100,79
206.945943034,100,80
206.946565855,99,79
206.946621407,100,79
206.948730382,99,78
206.948780686,100,78
207.148471910,99,77
207.148624903,100,77
207.184506813,100,78
207.189072092,99,77
207.189141053,100,77
207.391111877,99,76
207.391804617,100,76
207.514001551,99,75
207.514062831,100,75
208.067151613,99,74
208.067478623,100,74
208.886505579,99,73
208.886673900,100,73
208.987585087,100,74
209.014545400,99,73
209.015099836,100,73
209.095079712,99,72
209.095149472,100,72
209.114738087,100,73
209.231433798,99,72
209.231562311,100,72
209.584116727,99,71
209.584472569,100,71
209.604187360,100,72
209.932132711,100,73
209.991538462,100,74
210.138403468,100,75
210.224140824,99,74
210.224257817,100,74
210.306857391,100,75
210.495241721,99,74
210.495315034,100,74
210.637450760,100,75
210.637492072,100,76
210.637508488,100,77
210.663449850,99,76
210.663844637,100,76
210.907705092,99,75
210.907883877,100,75
210.969198825,100,76
211.279870938,99,75
211.279993050,100,75
211.444726019,99,74
211.444783139,100,74
211.529530728,99,73
211.529590921,100,73
211.772765131,99,72
211.772894700,100,72
211.956638519,100,73
211.956748759,100,74
212.143756025,100,75
212.145700166,99,74
212.145773863,100,74
212.235734351,99,73
212.236068753,100,73
212.268989331,99,72
212.269628439,100,72
212.551449602,99,71
212.552153255,100,71
212.613746829,100,72
212.613788013,100,73
212.675008721,100,74
212.680739832,99,73
212.680796440,100,73
212.943421984,100,74
213.625096478,100,75
213.638689820,99,74
213.638899133,100,74
213.651681941,99,73
213.652472570,100,73
213.675211862,100,74
213.675269846,100,75
213.675401239,100,76
213.852644086,99,75
213.852859543,100,75
213.865036490,100,76
213.865068331,100,77
213.869038790,99,76
213.869093094,100,76
213.877470208,100,77
213.906854217,100,78
213.906960458,100,79
213.906978378,100,80
213.953929164,100,81
213.953949836,100,82
213.955023827,100,83
214.025749400,99,82
214.026192251,100,82
214.431150673,99,81
214.431282994,100,81
214.451851743,100,82
214.621476265,100,83
214.689386619,99,82
214.689489531,100,82
214.690057215,100,83
214.770545191,99,82
214.770668072,100,82
214.974300795,100,83
214.976518218,99,82
214.976573514,100,82
215.037343883,100,83
215.451189342,100,84
215.451288319,100,85
215.497898590,100,86
215.497937887,100,87
215.498065120,100,88
215.565908240,99,87
215.565976433,100,87
215.648024611,99,86
215.648378630,100,86
215.667308711,100,87
215.667368872,100,88
215.694381377,99,87
215.694810564,100,87
215.775618381,99,86
215.775904815,100,86
216.023908115,99,85
216.023968403,100,85
216.034901662,99,84
216.034965406,100,84
216.102714735,99,83
216.102814799,100,83
216.286324185,100,84
216.639238891,99,83
216.639394764,100,83
216.645727415,99,82
216.645788952,100,82
216.699638280,100,83
216.908496544,100,84
217.077036386,99,83
217.077404229,100,83
217.077903720,100,84
217.081428705,100,85
217.165649730,100,86
217.199119591,99,85
217.199466089,100,85
217.480573135,99,84
217.480744081,100,84
217.599628895,100,85
217.602205201,99,84
217.602264369,100,84
217.642681350,99,83
217.642745990,100,83
217.704024138,100,84
217.770856500,100,85
217.772874434,99,84
217.772957443,100,84
218.004844568,100,85
218.004919096,100,86
218.132036927,100,87
218.234311356,100,88
218.249752582,99,87
218.249921063,100,87
218.265406385,100,88
218.329180518,100,89
218.845699449,100,90
218.869682685,100,91
218.873007348,99,90
218.873287798,100,90
218.911936159,100,91
218.912994886,99,90
218.913049350,100,90
219.137380359,100,91
219.161723918,99,90
219.162051056,100,90
219.227913748,99,89
219.227999956,100,89
219.252643197,99,88
219.254531786,100,88
219.405191730,99,87
219.405256947,100,87
219.590232646,100,88
219.617828483,99,87
219.617900420,100,87
219.739541061,99,86
219.739922792,100,86
219.781927912,99,85
219.781984072,100,85
219.922195785,100,86
219.969856015,100,87
220.022548856,100,88
220.089030912,100,89
220.224371743,99,88
220.224443328,100,88
220.337239461,99,87
220.337301317,100,87
220.338054890,99,86
220.338107083,100,86
220.540551574,99,85
220.540669942,100,85
220.621715938,100,86
220.622919178,99,85
220.622970538,100,85
220.642558705,100,86
220.711813163,99,85
220.712605105,100,85
220.812271131,100,86
220.964348205,99,85
220.965041746,100,85
220.986014242,100,86
221.365076711,100,87
221.416597064,100,88
221.463930220,100,89
221.530384084,99,88
221.530450228,100,88
221.777182159,99,87
221.777325808,100,87
221.795967471,100,88
221.945200046,100,89
221.945637617,99,88
221.945706289,100,88
222.149099907,100,89
222.149685767,99,88
222.149750055,100,88
222.352029393,99,87
222.352148626,100,87
222.395206489,99,86
222.395270266,100,86
222.433391807,99,85
222.433866146,100,85
223.069402821,99,84
223.069496805,98,83
223.069552934,99,83
223.074669929,100,83
223.125188963,99,82
223.125417893,100,82
223.932453598,99,81
223.932538943,100,81
223.941755774,100,82
224.003691206,99,81
224.003823783,100,81
224.064650920,100,82
224.067483643,100,83
224.067521244,100,84
224.344574790,100,85
224.344629030,100,86
224.432428800,100,87
224.479346145,100,88
224.479467586,100,89
224.853302308,100,90
224.917177369,100,91
225.006249884,99,90
225.006333084,100,90
225.009015310,99,89
225.009094575,100,89
225.084688469,100,90
225.084704053,99,89
225.085186552,100,89
225.089448598,99,88
225.090583933,100,88
225.128978597,99,87
225.129137734,100,87
225.374113044,99,86
225.374230389,100,86
225.578467436,99,85
225.578564013,100,85
225.657265192,99,84
225.657327625,100,84
225.818452505,100,85
225.822248307,99,84
225.822307987,100,84
225.863370476,99,83
225.863428717,100,83
225.983540836,100,84
225.986888571,99,83
225.986943643,100,83
226.047063351,99,82
226.047381113,100,82
226.050405838,99,81
226.050491246,100,81
226.147214341,99,80
226.147841673,100,80
226.633004326,99,79
226.633127079,100,79
227.525947596,99,78
227.526121101,100,78
228.375270024,99,77
228.375432745,100,77
229.085141896,100,78
229.150502407,100,79
229.356948814,99,78
229.357146991,100,78
229.417472269,100,79
229.441437329,99,78
229.441606322,100,78
229.525648914,99,77
229.525710994,100,77
229.545496538,100,78
229.545713531,100,79
229.712707923,100,80
229.901312736,99,79
229.901610658,100,79
230.101619868,99,78
230.263003918,98,77
230.282164337,98,78
230.282199121,98,79
230.282264146,98,80
230.349941954,97,79
230.430070311,97,80
230.474296214,96,79
230.719688775,95,78
230.939301800,95,79
230.939334632,95,80
230.939406441,95,81
231.231569530,95,82
231.231814236,95,83
231.399873372,95,84
231.400313599,95,85
231.400380735,95,86
231.447141791,95,87
231.473529972,94,86
231.575280653,94,87
231.622662962,94,88
232.024703157,93,87
232.086551356,93,88
232.169217331,93,89
232.169527829,93,90
232.169768919,93,91
232.486327024,92,90
232.732604583,91,89
233.150160660,90,88
233.202832253,89,87
233.348008320,88,86
233.511025181,87,85
233.676787532,86,84
233.714967026,85,83
233.836520979,84,82
234.784827540,83,81
234.956014761,82,80
234.980845620,81,79
235.005502940,80,78
235.086553704,79,77
235.086815754,78,76
235.106552145,77,75
235.309173853,76,74
235.432036647,75,73
235.554344109,74,72
235.634658419,73,71
235.836674620,73,72
235.837756163,72,71
235.881512015,71,70
236.069255893,70,69
238.299309349,69,68
238.379490122,68,67
239.170928761,68,68
239.175673754,67,67
239.487182960,66,66
239.724871437,65,65
240.678010671,64,64
240.716791577,63,63
241.223546377,62,62
241.510004436,61,61
241.588936369,60,60
241.626690771,59,59
242.141827133,58,58
242.615986702,57,57
243.011593764,56,56
243.553746055,55,55
244.329092200,54,54
244.835310708,53,53
244.950325192,52,52
245.524064483,51,51
245.789685567,50,50
245.790234851,49,49
246.023036926,48,48
246.834524438,47,47
247.015234028,46,46
247.274027898,45,45
247.349975842,44,44
247.579478567,43,43
247.918575258,42,42
249.092208899,41,41
249.317997518,40,40
250.152094786,39,39
250.228885328,38,38
252.423821679,37,37
255.330319234,36,36
256.356830933,35,35
259.600703614,34,34
259.748798898,33,33
260.833466772,32,32
260.846525104,31,31
261.596303348,30,30
262.797973044,29,29
263.029227920,28,28
266.259062429,27,27
267.576441019,26,26
269.289829764,25,25
272.109305353,24,24
273.699169175,23,23
274.670453946,22,22
276.539706134,21,21
277.861609459,20,20
279.292460431,19,19
280.222954910,18,18
283.492599935,17,17
284.128849861,16,16
288.749692826,15,15
291.349907743,14,14
293.889721014,13,13
296.413025523,12,12
300.974609177,11,11
311.351292502,10,10
329.391221804,9,9
345.187012468,8,8
350.142892007,7,7
351.965555504,6,6
368.173838943,5,5
391.251183248,4,4
409.902840658,3,3
409.905203666,2,2
409.906504209,1,1
409.906559249,0,0
409.923060077,0,0
