elapsed_seconds,successful_output_tokens_per_second,window_successful_output_tokens,window_successful_requests,window_seconds,cumulative_successful_output_tokens,cumulative_successful_requests
0.0,0.0,0,0,0.0,0,0
1.0,0.0,0,0,1.0,0,0
2.0,83.0,166,1,2.0,166,1
3.0,55.333333333333336,166,1,3.0,166,1
4.0,149.75,599,5,4.0,599,5
5.0,119.8,599,5,5.0,599,5
6.0,124.83333333333333,749,7,6.0,749,7
7.0,126.85714285714286,888,9,7.0,888,9
8.0,111.0,888,9,8.0,888,9
9.0,103.0,927,10,9.0,927,10
10.0,92.7,927,10,10.0,927,10
11.0,84.27272727272727,927,10,11.0,927,10
12.0,101.91666666666667,1223,11,12.0,1223,11
13.0,104.92307692307692,1364,12,13.0,1364,12
14.0,201.42857142857142,2820,14,14.0,2820,14
15.0,259.73333333333335,3896,16,15.0,3896,16
16.0,243.5,3896,16,16.0,3896,16
17.0,229.1764705882353,3896,16,17.0,3896,16
18.0,288.1666666666667,5187,21,18.0,5187,21
19.0,337.10526315789474,6405,23,19.0,6405,23
20.0,374.4,7488,26,20.0,7488,26
21.0,394.6666666666667,8288,28,21.0,8288,28
22.0,406.40909090909093,8941,29,22.0,8941,29
23.0,391.17391304347825,8997,30,23.0,8997,30
24.0,377.0416666666667,9049,31,24.0,9049,31
25.0,496.32,12408,35,25.0,12408,35
26.0,477.2307692307692,12408,35,26.0,12408,35
27.0,459.55555555555554,12408,35,27.0,12408,35
28.0,501.2857142857143,14036,36,28.0,14036,36
29.0,484.0,14036,36,29.0,14036,36
30.0,542.2333333333333,16267,37,30,16267,37
31.0,542.2333333333333,16267,37,30,16267,37
32.0,544.9333333333333,16348,37,30,16514,38
33.0,612.1666666666666,18365,38,30,18531,39
34.0,686.7,20601,36,30,21200,41
35.0,719.8,21594,37,30,22193,42
36.0,737.3,22119,37,30,22868,44
37.0,812.6333333333333,24379,36,30,25267,45
38.0,812.6333333333333,24379,36,30,25267,45
39.0,913.0666666666667,27392,36,30,28319,46
40.0,913.0666666666667,27392,36,30,28319,46
41.0,913.0666666666667,27392,36,30,28319,46
42.0,1042.7,31281,39,30,32504,50
43.0,1176.5666666666666,35297,42,30,36661,54
44.0,1179.9666666666667,35399,41,30,38219,55
45.0,1144.1,34323,39,30,38219,55
46.0,1147.2,34416,40,30,38312,56
47.0,1147.6333333333334,34429,41,30,38325,57
48.0,1104.6,33138,36,30,38325,57
49.0,1194.6333333333334,35839,35,30,42244,58
50.0,1209.5,36285,33,30,43773,59
51.0,1207.3,36219,33,30,44507,61
52.0,1185.5333333333333,35566,32,30,44507,61
53.0,1438.5666666666666,43157,33,30,52154,63
54.0,1436.8333333333333,43105,32,30,52154,63
55.0,1571.4333333333334,47143,31,30,59551,66
56.0,1698.7666666666667,50963,32,30,63371,67
57.0,1700.6,51018,33,30,63426,68
58.0,1683.0666666666666,50492,33,30,64528,69
59.0,1738.1666666666667,52145,35,30,66181,71
60.0,1670.2333333333333,50107,38,30,66374,75
61.0,1670.2333333333333,50107,38,30,66374,75
62.0,1776.8666666666666,53306,38,30,69820,76
63.0,1739.9666666666667,52199,38,30,70730,77
64.0,1706.9333333333334,51208,38,30,72408,79
65.0,1695.9,50877,38,30,73070,80
66.0,1803.0,54090,39,30,76958,83
67.0,1726.7666666666667,51803,39,30,77070,84
68.0,1842.0,55260,41,30,80527,86
69.0,1780.1666666666667,53405,41,30,81724,87
70.0,1868.2333333333333,56047,43,30,84366,89
71.0,1868.2333333333333,56047,43,30,84366,89
72.0,1735.5,52065,41,30,84569,91
73.0,1675.3666666666666,50261,40,30,86922,94
74.0,1623.4333333333334,48703,39,30,86922,94
75.0,1670.5333333333333,50116,44,30,88335,99
76.0,1843.8,55314,46,30,93626,102
77.0,1986.2,59586,50,30,97911,107
78.0,1989.5333333333333,59686,51,30,98011,108
79.0,1919.2333333333333,57577,53,30,99821,111
80.0,2076.0333333333333,62281,58,30,106054,117
81.0,2155.1,64653,60,30,109160,121
82.0,2177.6666666666665,65330,61,30,109837,122
83.0,2047.6666666666667,61430,66,30,113584,129
84.0,2064.4666666666667,61934,68,30,114088,131
85.0,1832.4,54972,68,30,114523,134
86.0,1731.0666666666666,51932,69,30,115303,136
87.0,1737.5666666666666,52127,71,30,115553,139
88.0,1905.3,57159,73,30,121687,142
89.0,1855.6666666666667,55670,72,30,121851,143
90.0,1868.2333333333333,56047,69,30,122421,144
91.0,2017.3,60519,73,30,126893,148
92.0,2148.4,64452,80,30,134272,156
93.0,2371.7,71151,83,30,141881,160
94.0,2397.1666666666665,71915,86,30,144323,165
95.0,2693.0,80790,90,30,153860,170
96.0,2744.6,82338,94,30,159296,177
97.0,2890.4333333333334,86713,99,30,163783,183
98.0,2850.3,85509,101,30,166036,187
99.0,2810.4,84312,100,30,166036,187
100.0,2828.5333333333333,84856,101,30,169222,190
101.0,3131.4,93942,105,30,178308,194
102.0,3192.633333333333,95779,104,30,180348,195
103.0,3260.766666666667,97823,105,30,184745,199
104.0,3526.9333333333334,105808,108,30,192730,202
105.0,3543.633333333333,106309,106,30,194644,205
106.0,3390.0666666666666,101702,107,30,195328,209
107.0,3247.233333333333,97417,102,30,195328,209
108.0,3395.3333333333335,101860,105,30,199871,213
109.0,3472.1,104163,106,30,203984,217
110.0,3587.233333333333,107617,104,30,213671,221
111.0,3577.3333333333335,107320,103,30,216480,224
112.0,3554.766666666667,106643,102,30,216480,224
113.0,3518.8,105564,97,30,219148,226
114.0,3653.866666666667,109616,97,30,223704,228
115.0,3733.4666666666667,112004,98,30,226527,232
116.0,3745.766666666667,112373,98,30,227676,234
117.0,3741.5,112245,96,30,227798,235
118.0,3577.6666666666665,107330,96,30,229017,238
119.0,3641.8333333333335,109255,99,30,231106,242
120.0,3757.766666666667,112733,106,30,235154,250
121.0,3731.366666666667,111941,105,30,238834,253
122.0,3597.866666666667,107936,101,30,242208,257
123.0,3550.3,106509,100,30,248390,260
124.0,3593.0666666666666,107792,99,30,252115,264
125.0,3513.6666666666665,105410,99,30,259270,269
126.0,3361.866666666667,100856,93,30,260152,270
127.0,3213.9,96417,88,30,260200,271
128.0,3347.4666666666667,100424,89,30,266460,276
129.0,3478.5666666666666,104357,92,30,270393,279
130.0,3636.4,109092,92,30,278314,282
131.0,3349.9666666666667,100499,91,30,278807,285
132.0,3281.9666666666667,98459,90,30,278807,285
133.0,3196.6666666666665,95900,89,30,280645,288
134.0,3020.8,90624,91,30,283354,293
135.0,3100.1,93003,94,30,287647,299
136.0,3235.4666666666667,97064,96,30,292392,305
137.0,3328.4,99852,97,30,295180,306
138.0,3442.266666666667,103268,99,30,303139,312
139.0,3474.1,104223,101,30,308207,318
140.0,3302.5666666666666,99077,104,30,312748,325
141.0,3383.9666666666667,101519,107,30,317999,331
142.0,3590.733333333333,107722,111,30,324202,335
143.0,3514.633333333333,105439,113,30,324587,339
144.0,3393.6,101808,114,30,325512,342
145.0,3858.6,115758,116,30,342285,348
146.0,3860.9333333333334,115828,115,30,343504,349
147.0,3965.766666666667,118973,117,30,346771,352
148.0,4202.1,126063,117,30,355080,355
149.0,4197.166666666667,125915,114,30,357021,356
150.0,4300.633333333333,129019,110,30,364173,360
151.0,4275.066666666667,128252,109,30,367086,362
152.0,4423.466666666666,132704,111,30,374912,368
153.0,4611.866666666667,138356,118,30,386746,378
154.0,4555.7,136671,117,30,388786,381
155.0,4462.766666666666,133883,115,30,393153,384
156.0,4435.966666666666,133079,115,30,393231,385
157.0,4633.866666666667,139016,117,30,399216,388
158.0,4454.3,133629,116,30,400089,392
159.0,4341.333333333333,130240,119,30,400633,398
160.0,4084.266666666667,122528,117,30,400842,399
161.0,4079.633333333333,122389,117,30,401196,402
162.0,4176.233333333334,125287,123,30,404094,408
163.0,4159.1,124773,124,30,405418,412
164.0,4526.266666666666,135788,125,30,419142,418
165.0,4398.766666666666,131963,125,30,419610,424
166.0,4332.4,129972,122,30,422364,427
167.0,4376.5,131295,124,30,426475,430
168.0,4425.7,132771,127,30,435910,439
169.0,4262.333333333333,127870,123,30,436077,441
170.0,4150.266666666666,124508,120,30,437256,445
171.0,4253.0,127590,117,30,445589,448
172.0,4181.8,125454,118,30,449656,453
173.0,4201.8,126054,117,30,450641,456
174.0,4385.566666666667,131567,117,30,457079,459
175.0,4223.2,126696,119,30,468981,467
176.0,4308.2,129246,123,30,472750,472
177.0,4405.266666666666,132158,124,30,478929,476
178.0,4235.4,127062,126,30,482142,481
179.0,4289.466666666666,128684,130,30,485705,486
180.0,4246.533333333334,127396,129,30,491569,489
181.0,4150.4,124512,128,30,491598,490
182.0,3917.733333333333,117532,124,30,492444,492
183.0,3559.366666666667,106781,119,30,493527,497
184.0,3565.0666666666666,106952,120,30,495738,501
185.0,3515.766666666667,105473,120,30,498626,504
186.0,3685.133333333333,110554,123,30,503785,508
187.0,3618.4666666666667,108554,124,30,507770,512
188.0,3653.4333333333334,109603,125,30,509692,517
189.0,3757.8,112734,123,30,513367,521
190.0,3869.6666666666665,116090,128,30,516932,527
191.0,3910.733333333333,117322,129,30,518518,531
192.0,3816.4,114492,124,30,518586,532
193.0,4014.6666666666665,120440,127,30,525858,539
194.0,3619.0333333333333,108571,125,30,527713,543
195.0,3628.0666666666666,108842,122,30,528452,546
196.0,3908.4666666666667,117254,124,30,539618,551
197.0,3891.0333333333333,116731,124,30,543206,554
198.0,3693.0333333333333,110791,118,30,546701,557
199.0,3737.0,112110,120,30,548187,561
200.0,3873.0666666666666,116192,119,30,553448,564
201.0,3879.1666666666665,116375,125,30,561964,573
202.0,4151.166666666667,124535,126,30,574191,579
203.0,4148.3,124449,126,30,575090,582
204.0,4295.366666666667,128861,127,30,585940,586
205.0,4329.2,129876,126,30,598857,593
206.0,4469.866666666667,134096,124,30,606846,596
207.0,4829.6,144888,127,30,623817,603
208.0,4850.633333333333,145519,126,30,627661,607
209.0,4859.366666666667,145781,123,30,631486,609
210.0,5041.766666666666,151253,124,30,642822,613
211.0,5186.3,155589,127,30,647187,617
212.0,5246.566666666667,157397,129,30,649841,621
213.0,5603.0,168090,129,30,661617,626
214.0,5612.833333333333,168385,129,30,664123,630
215.0,5689.533333333334,170686,131,30,669312,635
216.0,5736.0,172080,131,30,675865,639
217.0,5692.233333333334,170767,132,30,678537,644
218.0,5767.633333333333,173029,133,30,682721,650
219.0,5881.3,176439,132,30,689806,653
220.0,6135.666666666667,184070,133,30,701002,660
221.0,6485.966666666666,194579,136,30,713097,667
222.0,6503.7,195111,138,30,713697,670
223.0,6345.233333333334,190357,135,30,716215,674
224.0,6316.0,189480,135,30,717193,678
225.0,6302.8,189084,133,30,717536,679
226.0,6208.366666666667,186251,139,30,725869,690
227.0,6229.2,186876,140,30,730082,694
228.0,6153.566666666667,184607,138,30,731308,695
229.0,6126.133333333333,183784,135,30,731971,696
230.0,6082.1,182463,136,30,735911,700
231.0,6126.233333333334,183787,132,30,745751,705
232.0,5759.233333333334,172777,127,30,746968,706
233.0,6064.166666666667,181925,127,30,757015,709
234.0,6161.266666666666,184838,130,30,770778,716
235.0,5941.5,178245,126,30,777102,719
236.0,6193.033333333334,185791,133,30,792637,729
237.0,5636.5,169095,127,30,792912,730
238.0,5508.366666666667,165251,123,30,792912,730
239.0,5628.966666666666,168869,123,30,800355,732
240.0,5664.266666666666,169928,122,30,812750,735
241.0,5696.533333333334,170896,120,30,818083,737
242.0,5937.333333333333,178120,120,30,827961,741
243.0,5707.433333333333,171223,117,30,832840,743
244.0,5798.0,173940,115,30,838063,745
245.0,6158.966666666666,184769,113,30,854081,748
246.0,6374.533333333334,191236,112,30,867101,751
247.0,6482.166666666667,194465,109,30,873002,753
248.0,6877.866666666667,206336,108,30,889057,758
249.0,6641.7,199251,105,30,889057,758
250.0,6389.366666666667,191681,100,30,892683,760
251.0,6281.7,188451,95,30,901548,762
252.0,6261.7,187851,92,30,901548,762
253.0,6258.733333333334,187762,89,30,903977,763
254.0,6226.133333333333,186784,85,30,903977,763
255.0,6214.7,186441,84,30,903977,763
256.0,5997.733333333334,179932,74,30,905801,764
257.0,5953.566666666667,178607,71,30,908689,765
258.0,5912.7,177381,70,30,908689,765
259.0,5890.6,176718,69,30,908689,765
260.0,5903.4,177102,67,30,913013,767
261.0,5780.233333333334,173407,64,30,919158,769
262.0,5800.633333333333,174019,64,30,920987,770
263.0,5588.433333333333,167653,62,30,924668,771
264.0,5195.4,155862,56,30,926640,772
265.0,4984.6,149538,53,30,926640,772
266.0,4466.766666666666,134003,43,30,926640,772
267.0,4644.366666666667,139331,43,30,932243,773
268.0,4783.566666666667,143507,44,30,936419,774
269.0,4535.466666666666,136064,42,30,936419,774
270.0,4229.5,126885,40,30,939635,775
271.0,4051.733333333333,121552,38,30,939635,775
272.0,3722.4666666666667,111674,34,30,939635,775
273.0,4017.9666666666667,120539,33,30,953379,776
274.0,3939.8333333333335,118195,32,30,956258,777
275.0,3679.0333333333333,110371,30,30,964452,778
276.0,3245.0333333333333,97351,27,30,964452,778
277.0,3152.266666666667,94568,26,30,967570,779
278.0,2795.2,83856,22,30,972913,780
279.0,2795.2,83856,22,30,972913,780
280.0,2823.133333333333,84694,21,30,977377,781
281.0,2634.3333333333335,79030,20,30,980578,782
282.0,2634.3333333333335,79030,20,30,980578,782
283.0,2553.366666666667,76601,19,30,980578,782
284.0,2740.766666666667,82223,20,30,986200,783
285.0,2991.7,89751,21,30,993728,784
286.0,2930.9,87927,20,30,993728,784
287.0,2834.633333333333,85039,19,30,993728,784
288.0,2834.633333333333,85039,19,30,993728,784
289.0,2988.633333333333,89659,20,30,998348,785
290.0,2844.5,85335,18,30,998348,785
291.0,2639.6666666666665,79190,16,30,998348,785
292.0,2747.366666666667,82421,16,30,1003408,786
293.0,2624.6666666666665,78740,15,30,1003408,786
294.0,2811.6,84348,15,30,1010988,787
295.0,2811.6,84348,15,30,1010988,787
296.0,2811.6,84348,15,30,1010988,787
297.0,3033.233333333333,90997,15,30,1023240,788
298.0,2894.0333333333333,86821,14,30,1023240,788
299.0,2894.0333333333333,86821,14,30,1023240,788
300.0,2786.8333333333335,83605,13,30,1023240,788
301.0,3227.3,96819,14,30,1036454,789
302.0,3227.3,96819,14,30,1036454,789
303.0,2769.1666666666665,83075,13,30,1036454,789
304.0,2673.2,80196,12,30,1036454,789
305.0,2400.0666666666666,72002,11,30,1036454,789
306.0,2400.0666666666666,72002,11,30,1036454,789
307.0,2296.133333333333,68884,10,30,1036454,789
308.0,2118.0333333333333,63541,9,30,1036454,789
309.0,2118.0333333333333,63541,9,30,1036454,789
310.0,1969.2333333333333,59077,8,30,1036454,789
311.0,1862.5333333333333,55876,7,30,1036454,789
312.0,2143.766666666667,64313,8,30,1044891,790
313.0,2143.766666666667,64313,8,30,1044891,790
314.0,1956.3666666666666,58691,7,30,1044891,790
315.0,1705.4333333333334,51163,6,30,1044891,790
316.0,1705.4333333333334,51163,6,30,1044891,790
317.0,1705.4333333333334,51163,6,30,1044891,790
318.0,1705.4333333333334,51163,6,30,1044891,790
319.0,1551.4333333333334,46543,5,30,1044891,790
320.0,1551.4333333333334,46543,5,30,1044891,790
321.0,1551.4333333333334,46543,5,30,1044891,790
322.0,1382.7666666666667,41483,4,30,1044891,790
323.0,1382.7666666666667,41483,4,30,1044891,790
324.0,1130.1,33903,3,30,1044891,790
325.0,1130.1,33903,3,30,1044891,790
326.0,1130.1,33903,3,30,1044891,790
327.0,721.7,21651,2,30,1044891,790
328.0,721.7,21651,2,30,1044891,790
329.0,721.7,21651,2,30,1044891,790
330.0,968.0,29040,3,30,1052280,791
331.0,527.5333333333333,15826,2,30,1052280,791
332.0,527.5333333333333,15826,2,30,1052280,791
333.0,527.5333333333333,15826,2,30,1052280,791
334.0,527.5333333333333,15826,2,30,1052280,791
335.0,527.5333333333333,15826,2,30,1052280,791
336.0,527.5333333333333,15826,2,30,1052280,791
337.0,527.5333333333333,15826,2,30,1052280,791
338.0,527.5333333333333,15826,2,30,1052280,791
339.0,527.5333333333333,15826,2,30,1052280,791
340.0,527.5333333333333,15826,2,30,1052280,791
341.0,527.5333333333333,15826,2,30,1052280,791
342.0,246.3,7389,1,30,1052280,791
343.0,246.3,7389,1,30,1052280,791
344.0,246.3,7389,1,30,1052280,791
345.0,246.3,7389,1,30,1052280,791
346.0,931.3,27939,2,30,1072830,792
347.0,931.3,27939,2,30,1072830,792
348.0,931.3,27939,2,30,1072830,792
349.0,931.3,27939,2,30,1072830,792
350.0,931.3,27939,2,30,1072830,792
351.0,1217.7,36531,3,30,1081422,793
352.0,1733.1,51993,4,30,1096884,794
353.0,1733.1,51993,4,30,1096884,794
354.0,1733.1,51993,4,30,1096884,794
355.0,1733.1,51993,4,30,1096884,794
356.0,1733.1,51993,4,30,1096884,794
357.0,1733.1,51993,4,30,1096884,794
358.0,1733.1,51993,4,30,1096884,794
359.0,1733.1,51993,4,30,1096884,794
360.0,1486.8,44604,3,30,1096884,794
361.0,1486.8,44604,3,30,1096884,794
362.0,1486.8,44604,3,30,1096884,794
363.0,1486.8,44604,3,30,1096884,794
364.0,1486.8,44604,3,30,1096884,794
365.0,1486.8,44604,3,30,1096884,794
366.0,1486.8,44604,3,30,1096884,794
367.0,1486.8,44604,3,30,1096884,794
368.0,1486.8,44604,3,30,1096884,794
369.0,1916.8,57504,4,30,1109784,795
370.0,1916.8,57504,4,30,1109784,795
371.0,1916.8,57504,4,30,1109784,795
372.0,1916.8,57504,4,30,1109784,795
373.0,1916.8,57504,4,30,1109784,795
374.0,1916.8,57504,4,30,1109784,795
375.0,1916.8,57504,4,30,1109784,795
376.0,1231.8,36954,3,30,1109784,795
377.0,1231.8,36954,3,30,1109784,795
378.0,1231.8,36954,3,30,1109784,795
379.0,1231.8,36954,3,30,1109784,795
380.0,1231.8,36954,3,30,1109784,795
381.0,945.4,28362,2,30,1109784,795
382.0,430.0,12900,1,30,1109784,795
383.0,430.0,12900,1,30,1109784,795
384.0,430.0,12900,1,30,1109784,795
385.0,430.0,12900,1,30,1109784,795
386.0,430.0,12900,1,30,1109784,795
387.0,430.0,12900,1,30,1109784,795
388.0,430.0,12900,1,30,1109784,795
389.0,430.0,12900,1,30,1109784,795
390.0,430.0,12900,1,30,1109784,795
391.0,430.0,12900,1,30,1109784,795
392.0,1363.8,40914,2,30,1137798,796
393.0,1363.8,40914,2,30,1137798,796
394.0,1363.8,40914,2,30,1137798,796
395.0,1363.8,40914,2,30,1137798,796
396.0,1363.8,40914,2,30,1137798,796
397.0,1363.8,40914,2,30,1137798,796
398.0,1363.8,40914,2,30,1137798,796
399.0,933.8,28014,1,30,1137798,796
400.0,933.8,28014,1,30,1137798,796
401.0,933.8,28014,1,30,1137798,796
402.0,933.8,28014,1,30,1137798,796
403.0,933.8,28014,1,30,1137798,796
404.0,933.8,28014,1,30,1137798,796
405.0,933.8,28014,1,30,1137798,796
406.0,933.8,28014,1,30,1137798,796
407.0,933.8,28014,1,30,1137798,796
408.0,933.8,28014,1,30,1137798,796
409.0,933.8,28014,1,30,1137798,796
409.923060077,933.8,28014,1,30,1137798,796
