id,name,short_name,category,count,total_ms,avg_us,min_us,max_us
43,"void sm90::decode::sparse_fp8::flash_fwd_splitkv_mla_fp8_sparse_kernel<sm90::decode::sparse_fp8::KernelTemplate<(ModelType)0, (int)64>, sm90::decode::sparse_fp8::KernelTemplate<(ModelType)0, (int)64>::TmaParams<cute::tuple<int, int, int, int>, cute::TiledCopy<cute::Copy_Atom<cute::Copy_Traits<cute::SM90_TMA_LOAD, cute::C<(int)65536>, cute::AuxTmaParams<cute::tuple<cute::ScaledBasis<cute::C<(int)1>, (int)1>, cute::ScaledBasis<cute::C<(int)1>, (int)0>, cute::ScaledBasis<cute::C<(int)1>, (int)2>, cute::ScaledBasis<cute::C<(int)1>, (int)3>>, const cute::Layout<cute::tuple<cute::C<(int)64>, cute::C<(int)64>, cute::C<(int)1>, cute::C<(int)1>>, cute::tuple<cute::ScaledBasis<cute::C<(int)1>, (int)1>, cute::ScaledBasis<cute::C<(int)1>, (int)0>, cute::ScaledBasis<cute::C<(int)1>, (int)2>, cute::ScaledBasis<cute::C<(int)1>, (int)3>>> &, const cute::Swizzle<(int)3, (int)4, (int)3> &>>, cutlass::bfloat16_t>, cute::Layout<cute::tuple<cute::C<(int)1>, cute::tuple<cute::tuple<cute::tuple<cute::C<(int)64>, cute::C<(int)64>>, cute::C<(int)9>>>>, cute::tuple<cute::C<(int)0>, cute::tuple<cute::tuple<cute::tuple<cute::C<(int)64>, cute::C<(int)1>>, cute::C<(int)4096>>>>>, cute::tuple<cute::C<(int)64>, cute::C<(int)576>>>>>(SparseAttnDecodeParams, T2)","void sm90::decode::sparse_fp8::flash_fwd_splitkv_mla_fp8_sparse_kernel<sm90::decode::sparse_fp8::KernelTemplate<(ModelType)0, (int)64>, sm90::decode::sparse_fp8::KernelTemplate<...",attention,2028,23942.579289,11806.005567,2402.505,23562.515
60,fused_moe_kernel,fused_moe_kernel,gemm_moe,3900,15000.909351,3846.387013,903.52,5076.056
48,ncclDevKernel_SendRecv(ncclDevKernelArgsStorage<(unsigned long)4096>),ncclDevKernel_SendRecv(ncclDevKernelArgsStorage<(unsigned long)4096>),nccl_sendrecv,564,9955.847986,17652.212741,4.576,1403338.262
35,"void deep_gemm::sm90_fp8_mqa_logits<(unsigned int)32, (unsigned int)128, (bool)0, (unsigned int)4, (unsigned int)256, (unsigned int)3, (unsigned int)3, (unsigned int)131, (unsigned int)128, (unsigned int)512, float>(unsigned int, unsigned int, unsigned int, unsigned int, unsigned int *, unsigned int *, T11 *, CUtensorMap_st, CUtensorMap_st, CUtensorMap_st, CUtensorMap_st)","void deep_gemm::sm90_fp8_mqa_logits<(unsigned int)32, (unsigned int)128, (bool)0, (unsigned int)4, (unsigned int)256, (unsigned int)3, (unsigned int)3, (unsigned int)131, (unsig...",attention,940,5628.442639,5987.704935,643.616,11103.197
23,"void deep_gemm::sm90_fp8_gemm_1d2d_impl<(cute::UMMA::Major)0, (unsigned int)0, (unsigned int)0, (unsigned int)0, (unsigned int)1, (unsigned int)256, (unsigned int)128, (unsigned int)128, (unsigned int)128, (unsigned int)128, (unsigned int)128, (unsigned int)3, (unsigned int)128, (unsigned int)256, (unsigned int)2, (bool)1, (unsigned int)132, (deep_gemm::GemmType)0, deep_gemm::epilogue::transform::EpilogueIdentity>(float *, int *, unsigned int, unsigned int, unsigned int, CUtensorMap_st, CUtensorMap_st, CUtensorMap_st, CUtensorMap_st)","void deep_gemm::sm90_fp8_gemm_1d2d_impl<(cute::UMMA::Major)0, (unsigned int)0, (unsigned int)0, (unsigned int)0, (unsigned int)1, (unsigned int)256, (unsigned int)128, (unsigned...",gemm_moe,6426,4106.262528,639.007552,90.145,3117.615
19,ncclDevKernel_AllReduce_Sum_bf16_RING_LL(ncclDevKernelArgsStorage<(unsigned long)4096>),ncclDevKernel_AllReduce_Sum_bf16_RING_LL(ncclDevKernelArgsStorage<(unsigned long)4096>),tp_collective,4082,3095.644873,758.364741,157.761,4673.394
36,"<unnamed>::topk_transform_prefill_kernel(<unnamed>::FastTopKParams, int *, const int *, long, const int *, long)","<unnamed>::topk_transform_prefill_kernel(<unnamed>::FastTopKParams, int *, const int *, long, const int *, long)",moe_routing,1290,2786.397793,2159.998289,157.76,3783.956
64,"void deep_gemm::sm90_fp8_mqa_logits<(unsigned int)32, (unsigned int)128, (bool)0, (unsigned int)4, (unsigned int)256, (unsigned int)3, (unsigned int)3, (unsigned int)132, (unsigned int)128, (unsigned int)512, float>(unsigned int, unsigned int, unsigned int, unsigned int, unsigned int *, unsigned int *, T11 *, CUtensorMap_st, CUtensorMap_st, CUtensorMap_st, CUtensorMap_st)","void deep_gemm::sm90_fp8_mqa_logits<(unsigned int)32, (unsigned int)128, (bool)0, (unsigned int)4, (unsigned int)256, (unsigned int)3, (unsigned int)3, (unsigned int)132, (unsig...",attention,350,1743.69927,4981.997914,415.775,7485.676
38,"void at::native::elementwise_kernel<(int)128, (int)4, void at::native::gpu_kernel_impl_nocast<at::native::direct_copy_kernel_cuda(at::TensorIteratorBase &)::[lambda() (instance 3)]::operator ()() const::[lambda() (instance 12)]::operator ()() const::[lambda(c10::BFloat16) (instance 1)]>(at::TensorIteratorBase &, const T1 &)::[lambda(int) (instance 1)]>(int, T3)","void at::native::elementwise_kernel<(int)128, (int)4, void at::native::gpu_kernel_impl_nocast<at::native::direct_copy_kernel_cuda(at::TensorIteratorBase &)::[lambda() (instance ...",memory_elementwise,4056,1369.940105,337.756436,2.528,769.379
50,"void at::native::sbtopk::gatherTopK<float, unsigned int, (int)2, (bool)0>(at::cuda::detail::TensorInfo<const T1, T2>, T2, T2, bool, T2, T2, at::cuda::detail::TensorInfo<T1, T2>, T2, at::cuda::detail::TensorInfo<long, T2>, T2, T1 *)","void at::native::sbtopk::gatherTopK<float, unsigned int, (int)2, (bool)0>(at::cuda::detail::TensorInfo<const T1, T2>, T2, T2, bool, T2, T2, at::cuda::detail::TensorInfo<T1, T2>,...",moe_routing,5850,1026.795065,175.520524,5.184,360.61
17,"void at::native::vectorized_gather_kernel<(int)16, long>(char *, char *, T2 *, int, long, long, long, long, bool)","void at::native::vectorized_gather_kernel<(int)16, long>(char *, char *, T2 *, int, long, long, long, long, bool)",memory_elementwise,2372,871.879894,367.571625,11.584,554.467
61,"void moe_sum_reduce_warp_per_token_vec_kernel<(int)8>(const c10::BFloat16 *, c10::BFloat16 *, long, long, long, long, long, long, float)","void moe_sum_reduce_warp_per_token_vec_kernel<(int)8>(const c10::BFloat16 *, c10::BFloat16 *, long, long, long, long, long, long, float)",moe_routing,1950,849.106046,435.438998,100.384,477.219
46,kernel_cutlass_kernel_flashinfernormkernelsfused_add_rmsnormFusedAddRMSNormKernel_object_at__tensorptrbf16gmemalign128o614461441_tensorptrbf16gmemalign128o614461441_tensorptrbf16gmemalign_0,kernel_cutlass_kernel_flashinfernormkernelsfused_add_rmsnormFusedAddRMSNormKernel_object_at__tensorptrbf16gmemalign128o614461441_tensorptrbf16gmemalign128o614461441_tensorptrbf1...,norm_rope_quant,4056,748.514232,184.544929,38.496,200.065
42,"void at::native::vectorized_elementwise_kernel<(int)8, at::native::FillFunctor<c10::BFloat16>, std::array<char *, (unsigned long)1>>(int, T2, T3)","void at::native::vectorized_elementwise_kernel<(int)8, at::native::FillFunctor<c10::BFloat16>, std::array<char *, (unsigned long)1>>(int, T2, T3)",memory_elementwise,2028,677.465476,334.055955,74.431,358.816
45,nvjet_sm90_tst_128x256_64x4_2x1_v_bz_coopA_TNN,nvjet_sm90_tst_128x256_64x4_2x1_v_bz_coopA_TNN,gemm_moe,3672,585.38009,159.417236,69.472,265.122
41,"<unnamed>::concat_mla_absorb_q_kernel(__nv_bfloat16 *, __nv_bfloat16 *, __nv_bfloat16 *, int, int, long, int, long, int, long, int)","<unnamed>::concat_mla_absorb_q_kernel(__nv_bfloat16 *, __nv_bfloat16 *, __nv_bfloat16 *, int, int, long, int, long, int, long, int)",attention,2028,560.4591,276.360503,62.368,310.977
22,"void <unnamed>::per_token_group_quant_8bit_v2_kernel<<unnamed>::NaiveScheduler, (int)128, (int)8, __nv_bfloat16, __nv_fp8_e4m3, (bool)1, (bool)0, (bool)0, (bool)1, float>(const T4 *, T5 *, T10 *, const int *, int, int, int, int, int)","void <unnamed>::per_token_group_quant_8bit_v2_kernel<<unnamed>::NaiveScheduler, (int)128, (int)8, __nv_bfloat16, __nv_fp8_e4m3, (bool)1, (bool)0, (bool)0, (bool)1, float>(const ...",gemm_moe,7332,449.221352,61.268597,5.664,110.656
37,nvjet_sm90_tst_256x128_64x4_1x2_h_bz_coopA_TNT,nvjet_sm90_tst_256x128_64x4_1x2_h_bz_coopA_TNT,gemm_moe,1872,414.701877,221.52878,215.615,239.778
47,"void <unnamed>::act_and_mul_kernel<__nv_bfloat16, (<unnamed>::ActivationKind)0, (bool)1, (bool)0>(<unnamed>::ActivationParams)","void <unnamed>::act_and_mul_kernel<__nv_bfloat16, (<unnamed>::ActivationKind)0, (bool)1, (bool)0>(<unnamed>::ActivationParams)",memory_elementwise,2028,385.062445,189.873,27.872,207.584
59,"void <unnamed>::per_token_group_quant_8bit_v2_kernel<<unnamed>::NaiveScheduler, (int)128, (int)8, __nv_bfloat16, __nv_fp8_e4m3, (bool)0, (bool)0, (bool)0, (bool)1, float>(const T4 *, T5 *, T10 *, const int *, int, int, int, int, int)","void <unnamed>::per_token_group_quant_8bit_v2_kernel<<unnamed>::NaiveScheduler, (int)128, (int)8, __nv_bfloat16, __nv_fp8_e4m3, (bool)0, (bool)0, (bool)0, (bool)1, float>(const ...",gemm_moe,3900,329.582586,84.508355,13.952,110.816
13,smxx::decode::get_mla_metadata_kernel_low_smem(GetDecodeSchedMetaParams),smxx::decode::get_mla_metadata_kernel_low_smem(GetDecodeSchedMetaParams),attention,96,327.313958,3409.520396,3292.317,3762.067
44,"void smxx::decode::flash_fwd_mla_combine_kernel<cutlass::bfloat16_t, (int)512, (int)8, (int)160, (int)256>(CombineParams)","void smxx::decode::flash_fwd_mla_combine_kernel<cutlass::bfloat16_t, (int)512, (int)8, (int)160, (int)256>(CombineParams)",attention,2028,227.179321,112.021361,28.064,140.672
29,"void <unnamed>::fast_hadamard_transform_kernel<<unnamed>::FastHadamardKernelTraits<(int)16, (int)7, __nv_bfloat16>>(HadamardParamsBase)","void <unnamed>::fast_hadamard_transform_kernel<<unnamed>::FastHadamardKernelTraits<(int)16, (int)7, __nv_bfloat16>>(HadamardParamsBase)",other,1092,168.434964,154.244473,3.36,319.455
28,"void <unnamed>::fused_rope_kernel<(bool)0, (long)64, (bool)1, __nv_bfloat16, long, (unsigned int)8>(<unnamed>::FusedRopeParams)","void <unnamed>::fused_rope_kernel<(bool)0, (long)64, (bool)1, __nv_bfloat16, long, (unsigned int)8>(<unnamed>::FusedRopeParams)",norm_rope_quant,2574,100.126171,38.899056,8.128,55.2
39,_quantize_k_cache_fast_kernel,_quantize_k_cache_fast_kernel,norm_rope_quant,2028,97.825696,48.237523,11.808,52.257
62,ncclDevKernel_AllGather_RING_LL(ncclDevKernelArgsStorage<(unsigned long)4096>),ncclDevKernel_AllGather_RING_LL(ncclDevKernelArgsStorage<(unsigned long)4096>),tp_collective,208,95.515573,459.209486,7.104,3627.441
58,"void count_and_sort_expert_tokens_kernel<int>(const T1 *, int *, int *, unsigned long)","void count_and_sort_expert_tokens_kernel<int>(const T1 *, int *, int *, unsigned long)",moe_routing,1950,69.347613,35.562878,6.976,51.552
24,kernel_cutlass_kernel_flashinfernormkernelsrmsnormRMSNormKernel_object_at__tensorptrbf16gmemalign16o2048i64div81_tensorptrbf16gmemalign16o20481_tensorptrbf16gmemalign16o2048i64div81___Tru_0,kernel_cutlass_kernel_flashinfernormkernelsrmsnormRMSNormKernel_object_at__tensorptrbf16gmemalign16o2048i64div81_tensorptrbf16gmemalign16o20481_tensorptrbf16gmemalign16o2048i64d...,norm_rope_quant,2028,58.554508,28.873032,6.88,32.672
57,"void moe_align_block_size_kernel<int>(const T1 *, int *, int *, int *, int, int, unsigned long, int *, bool, int, int)","void moe_align_block_size_kernel<int>(const T1 *, int *, int *, int *, int, int, unsigned long, int *, bool, int, int)",moe_routing,1950,57.309377,29.389424,7.968,34.848
51,"void at::native::bitonicSortKVInPlace<(int)2, (int)-1, (int)16, (int)16, float, long, at::native::GTOp<float, (bool)1>, unsigned int>(at::cuda::detail::TensorInfo<T5, T8>, T8, T8, T8, at::cuda::detail::TensorInfo<T6, T8>, T8, T7)","void at::native::bitonicSortKVInPlace<(int)2, (int)-1, (int)16, (int)16, float, long, at::native::GTOp<float, (bool)1>, unsigned int>(at::cuda::detail::TensorInfo<T5, T8>, T8, T...",other,3900,56.586851,14.509449,5.408,19.328
80,"void deep_gemm::sm90_fp8_gemm_1d2d_impl<(cute::UMMA::Major)0, (unsigned int)0, (unsigned int)0, (unsigned int)0, (unsigned int)1, (unsigned int)256, (unsigned int)112, (unsigned int)128, (unsigned int)128, (unsigned int)128, (unsigned int)32, (unsigned int)3, (unsigned int)128, (unsigned int)256, (unsigned int)2, (bool)1, (unsigned int)132, (deep_gemm::GemmType)0, deep_gemm::epilogue::transform::EpilogueIdentity>(float *, int *, unsigned int, unsigned int, unsigned int, CUtensorMap_st, CUtensorMap_st, CUtensorMap_st, CUtensorMap_st)","void deep_gemm::sm90_fp8_gemm_1d2d_impl<(cute::UMMA::Major)0, (unsigned int)0, (unsigned int)0, (unsigned int)0, (unsigned int)1, (unsigned int)256, (unsigned int)112, (unsigned...",gemm_moe,204,52.964089,259.627887,57.952,354.08
49,triton_poi_fused_add_sigmoid_unsqueeze_0,triton_poi_fused_add_sigmoid_unsqueeze_0,other,1950,34.562776,17.724501,3.264,22.464
53,triton_poi_fused__to_copy_arange_bitwise_not_eq_expand_masked_fill_scalar_tensor_unsqueeze_view_where_2,triton_poi_fused__to_copy_arange_bitwise_not_eq_expand_masked_fill_scalar_tensor_unsqueeze_view_where_2,memory_elementwise,1950,34.158025,17.516936,3.168,21.632
32,nvjet_sm90_tss_32x128_64x10_1x2_h_bz_TNN,nvjet_sm90_tss_32x128_64x10_1x2_h_bz_TNN,gemm_moe,504,27.713481,54.987065,53.824,56.512
30,_act_quant_kernel,_act_quant_kernel,norm_rope_quant,546,24.724673,45.283284,10.304,49.696
25,kernel_cutlass_kernel_flashinfernormkernelsrmsnormRMSNormKernel_object_at__tensorptrbf16gmemalign16o512i64div81_tensorptrbf16gmemalign16o5121_tensorptrbf16gmemalign16o512i64div81___True_4_0,kernel_cutlass_kernel_flashinfernormkernelsrmsnormRMSNormKernel_object_at__tensorptrbf16gmemalign16o512i64div81_tensorptrbf16gmemalign16o5121_tensorptrbf16gmemalign16o512i64div8...,norm_rope_quant,2028,20.205109,9.963071,2.976,12.288
8,"void at::native::vectorized_elementwise_kernel<(int)4, at::native::FillFunctor<int>, std::array<char *, (unsigned long)1>>(int, T2, T3)","void at::native::vectorized_elementwise_kernel<(int)4, at::native::FillFunctor<int>, std::array<char *, (unsigned long)1>>(int, T2, T3)",memory_elementwise,2566,16.899416,6.585899,0.672,31.52
84,nvjet_sm90_tst_128x192_64x5_2x1_v_bz_coopB_TNN,nvjet_sm90_tst_128x192_64x5_2x1_v_bz_coopB_TNN,gemm_moe,312,16.563388,53.087782,49.632,60.992
26,"void deep_gemm::sm90_fp8_gemm_1d2d_impl<(cute::UMMA::Major)0, (unsigned int)0, (unsigned int)0, (unsigned int)0, (unsigned int)1, (unsigned int)128, (unsigned int)128, (unsigned int)128, (unsigned int)128, (unsigned int)128, (unsigned int)128, (unsigned int)5, (unsigned int)128, (unsigned int)256, (unsigned int)1, (bool)0, (unsigned int)132, (deep_gemm::GemmType)0, deep_gemm::epilogue::transform::EpilogueIdentity>(float *, int *, unsigned int, unsigned int, unsigned int, CUtensorMap_st, CUtensorMap_st, CUtensorMap_st, CUtensorMap_st)","void deep_gemm::sm90_fp8_gemm_1d2d_impl<(cute::UMMA::Major)0, (unsigned int)0, (unsigned int)0, (unsigned int)0, (unsigned int)1, (unsigned int)128, (unsigned int)128, (unsigned...",gemm_moe,504,16.478014,32.694472,31.232,34.784
79,"void deep_gemm::sm90_fp8_gemm_1d2d_impl<(cute::UMMA::Major)0, (unsigned int)0, (unsigned int)0, (unsigned int)0, (unsigned int)1, (unsigned int)128, (unsigned int)192, (unsigned int)128, (unsigned int)128, (unsigned int)128, (unsigned int)128, (unsigned int)4, (unsigned int)128, (unsigned int)256, (unsigned int)2, (bool)0, (unsigned int)132, (deep_gemm::GemmType)0, deep_gemm::epilogue::transform::EpilogueIdentity>(float *, int *, unsigned int, unsigned int, unsigned int, CUtensorMap_st, CUtensorMap_st, CUtensorMap_st, CUtensorMap_st)","void deep_gemm::sm90_fp8_gemm_1d2d_impl<(cute::UMMA::Major)0, (unsigned int)0, (unsigned int)0, (unsigned int)0, (unsigned int)1, (unsigned int)128, (unsigned int)192, (unsigned...",gemm_moe,156,13.836048,88.692615,84.032,97.728
54,triton_red_fused_copy_gather_select_sigmoid_slice_sum_3,triton_red_fused_copy_gather_select_sigmoid_slice_sum_3,memory_elementwise,1950,12.971402,6.652001,2.816,7.392
40,"void <unnamed>::set_mla_kv_buffer_kernel<(long)528, (long)128, (int)8, (bool)1, long>(<unnamed>::SetMlaKVBufferParams)","void <unnamed>::set_mla_kv_buffer_kernel<(long)528, (long)128, (int)8, (bool)1, long>(<unnamed>::SetMlaKVBufferParams)",attention,2028,10.461714,5.158636,2.016,6.656
56,triton_poi_fused__to_copy_copy_div_gather_randint_select_sigmoid_4,triton_poi_fused__to_copy_copy_div_gather_randint_select_sigmoid_4,memory_elementwise,1950,7.925103,4.064155,2.496,4.736
14,"void at::native::unrolled_elementwise_kernel<at::native::direct_copy_kernel_cuda(at::TensorIteratorBase &)::[lambda() (instance 3)]::operator ()() const::[lambda() (instance 4)]::operator ()() const::[lambda(long) (instance 1)], std::array<char *, (unsigned long)2>, (int)4, TrivialOffsetCalculator<(int)1, unsigned int>, TrivialOffsetCalculator<(int)1, unsigned int>, at::native::memory::LoadWithCast<(int)1>, at::native::memory::StoreWithCast<(int)1>>(int, T1, T2, T4, T5, T6, T7)",void at::native::unrolled_elementwise_kernel<at::native::direct_copy_kernel_cuda(at::TensorIteratorBase &)::[lambda() (instance 3)]::operator ()() const::[lambda() (instance 4)]...,memory_elementwise,2480,7.363055,2.968974,1.248,70.944
1,write_req_to_token_pool_triton,write_req_to_token_pool_triton,other,104,6.929803,66.632721,11.136,154.08
18,"void at::native::elementwise_kernel<(int)128, (int)4, void at::native::gpu_kernel_impl_nocast<at::native::<unnamed>::masked_fill_kernel(at::TensorIterator &, const c10::Scalar &)::[lambda() (instance 1)]::operator ()() const::[lambda() (instance 12)]::operator ()() const::[lambda(c10::BFloat16, bool) (instance 1)]>(at::TensorIteratorBase &, const T1 &)::[lambda(int) (instance 1)]>(int, T3)","void at::native::elementwise_kernel<(int)128, (int)4, void at::native::gpu_kernel_impl_nocast<at::native::<unnamed>::masked_fill_kernel(at::TensorIterator &, const c10::Scalar &...",memory_elementwise,26,6.593821,253.6085,47.681,298.753
27,kernel_cutlass_kernel_flashinfernormkernelslayernormLayerNormKernel_object_at__tensorptrbf16gmemalign16o128div41_tensorptrbf16gmemalign16o128div41_tensorptrf32gmemalign16o1281_tensorptrf3_0,kernel_cutlass_kernel_flashinfernormkernelslayernormLayerNormKernel_object_at__tensorptrbf16gmemalign16o128div41_tensorptrbf16gmemalign16o128div41_tensorptrf32gmemalign16o1281_t...,norm_rope_quant,546,6.045419,11.072196,3.552,13.12
73,nvjet_sm90_tst_128x8_64x12_2x1_v_bz_TNT,nvjet_sm90_tst_128x8_64x12_2x1_v_bz_TNT,gemm_moe,26,5.929111,228.042731,224.319,237.983
34,_get_k_and_s_triton_kernel,_get_k_and_s_triton_kernel,other,546,5.853967,10.721551,3.968,17.76
70,"void at::native::_scatter_gather_elementwise_kernel<(int)128, (int)8, void at::native::_cuda_scatter_gather_internal_kernel<(bool)0, at::native::OpaqueType<(int)4>, int>::operator ()<at::native::TensorAssign>(at::TensorIterator &, long, long, long, const T1 &)::[lambda(int) (instance 1)]>(int, T3)","void at::native::_scatter_gather_elementwise_kernel<(int)128, (int)8, void at::native::_cuda_scatter_gather_internal_kernel<(bool)0, at::native::OpaqueType<(int)4>, int>::operat...",memory_elementwise,1126,5.630119,5.000106,3.744,6.016
52,triton_poi_fused_sum_1,triton_poi_fused_sum_1,other,1950,4.161766,2.134239,1.12,2.496
7,"void at_cuda_detail::cub::detail::scan::DeviceScanKernel<at_cuda_detail::cub::detail::scan::policy_hub<int, int, int, unsigned int, std::plus<int>>::Policy1000, const int *, int *, at_cuda_detail::cub::ScanTileState<int, (bool)1>, std::plus<int>, at_cuda_detail::cub::NullType, unsigned int, int, (bool)0, at_cuda_detail::cub::NullType>(T2, T3, T4, int, T5, T6, T7)","void at_cuda_detail::cub::detail::scan::DeviceScanKernel<at_cuda_detail::cub::detail::scan::policy_hub<int, int, int, unsigned int, std::plus<int>>::Policy1000, const int *, int...",other,1430,3.589481,2.510127,1.184,3.616
85,nvjet_sm90_tst_128x64_64x8_2x4_h_bz_TNT,nvjet_sm90_tst_128x64_64x8_2x4_h_bz_TNT,gemm_moe,150,3.538723,23.591487,22.496,26.24
31,"void <unnamed>::fused_store_indexer_cache<__nv_bfloat16, long, (unsigned int)6, (bool)1>(<unnamed>::FusedStoreCacheParam)","void <unnamed>::fused_store_indexer_cache<__nv_bfloat16, long, (unsigned int)6, (bool)1>(<unnamed>::FusedStoreCacheParam)",memory_elementwise,546,3.465701,6.347438,2.336,7.904
68,"void at::native::reduce_kernel<(int)512, (int)1, at::native::ReduceOp<bool, at::native::func_wrapper_t<bool, at::native::and_kernel_cuda(at::TensorIterator &)::[lambda() (instance 1)]::operator ()() const::[lambda() (instance 12)]::operator ()() const::[lambda(bool, bool) (instance 1)]>, unsigned int, bool, (int)4, (int)4>>(T3)","void at::native::reduce_kernel<(int)512, (int)1, at::native::ReduceOp<bool, at::native::func_wrapper_t<bool, at::native::and_kernel_cuda(at::TensorIterator &)::[lambda() (instan...",memory_elementwise,1126,3.27674,2.910071,2.144,4.32
55,"void at::native::<unnamed>::distribution_elementwise_grid_stride_kernel<unsigned long, (int)2, void at::native::templates::cuda::random_from_to_kernel<at::CUDAGeneratorImpl *>(at::TensorIteratorBase &, unsigned long, long, T1)::[lambda() (instance 1)]::operator ()() const::[lambda() (instance 4)]::operator ()() const::[lambda(curandStatePhilox4_32_10 *) (instance 1)], void at::native::<unnamed>::distribution_nullary_kernel<long, unsigned long, ulonglong2, at::CUDAGeneratorImpl *, void at::native::templates::cuda::random_from_to_kernel<at::CUDAGeneratorImpl *>(at::TensorIteratorBase &, unsigned long, long, T1)::[lambda() (instance 1)]::operator ()() const::[lambda() (instance 4)]::operator ()() const::[lambda(curandStatePhilox4_32_10 *) (instance 1)], void at::native::templates::cuda::random_from_to_kernel<at::CUDAGeneratorImpl *>(at::TensorIteratorBase &, unsigned long, long, T1)::[lambda() (instance 1)]::operator ()() const::[lambda() (instance 4)]::operator ()() const::[lambda(unsigned long) (instance 1)]>(at::TensorIteratorBase &, T4, const T5 &, T6)::[lambda(int, unsigned long) (instance 1)]>(long, at::PhiloxCudaState, T3, T4)","void at::native::<unnamed>::distribution_elementwise_grid_stride_kernel<unsigned long, (int)2, void at::native::templates::cuda::random_from_to_kernel<at::CUDAGeneratorImpl *>(a...",memory_elementwise,1950,3.032514,1.555135,1.376,1.888
66,"void at_cuda_detail::cub::detail::scan::DeviceScanKernel<at_cuda_detail::cub::detail::scan::policy_hub<long, long, long, unsigned int, std::plus<long>>::Policy1000, const long *, long *, at_cuda_detail::cub::ScanTileState<long, (bool)1>, std::plus<long>, at_cuda_detail::cub::NullType, unsigned int, long, (bool)0, at_cuda_detail::cub::NullType>(T2, T3, T4, int, T5, T6, T7)","void at_cuda_detail::cub::detail::scan::DeviceScanKernel<at_cuda_detail::cub::detail::scan::policy_hub<long, long, long, unsigned int, std::plus<long>>::Policy1000, const long *...",other,1152,2.735427,2.374503,1.44,3.04
21,kernel_cutlass_kernel_flashinfernormkernelsrmsnormRMSNormKernel_object_at__tensorptrbf16gmemalign128o614461441_tensorptrbf16gmemalign16o61441_tensorptrbf16gmemalign128o614461441___True_2__0,kernel_cutlass_kernel_flashinfernormkernelsrmsnormRMSNormKernel_object_at__tensorptrbf16gmemalign128o614461441_tensorptrbf16gmemalign16o61441_tensorptrbf16gmemalign128o614461441...,norm_rope_quant,26,2.389099,91.888423,22.144,98.912
69,"void compute_cuda_kernel<int>(const T1 *, const long *, T1 *, long, long)","void compute_cuda_kernel<int>(const T1 *, const long *, T1 *, long, long)",other,1126,2.388195,2.120955,1.376,3.52
78,smxx::decode::get_mla_metadata_kernel(GetDecodeSchedMetaParams),smxx::decode::get_mla_metadata_kernel(GetDecodeSchedMetaParams),attention,8,1.562338,195.29225,190.592,202.913
33,triton_poi_fused_mul_unsqueeze_0,triton_poi_fused_mul_unsqueeze_0,other,546,1.358977,2.488969,1.536,3.776
6,"void at_cuda_detail::cub::detail::scan::DeviceScanInitKernel<at_cuda_detail::cub::ScanTileState<int, (bool)1>>(T1, int)","void at_cuda_detail::cub::detail::scan::DeviceScanInitKernel<at_cuda_detail::cub::ScanTileState<int, (bool)1>>(T1, int)",other,1430,1.153988,0.806985,0.672,1.6
65,"void at_cuda_detail::cub::detail::scan::DeviceScanInitKernel<at_cuda_detail::cub::ScanTileState<long, (bool)1>>(T1, int)","void at_cuda_detail::cub::detail::scan::DeviceScanInitKernel<at_cuda_detail::cub::ScanTileState<long, (bool)1>>(T1, int)",other,1152,0.913059,0.792586,0.672,1.056
9,"void at::native::index_elementwise_kernel<(int)128, (int)4, void at::native::gpu_index_kernel<void at::native::index_kernel_impl<at::native::OpaqueType<(int)4>>(at::TensorIteratorBase &, c10::ArrayRef<long>, c10::ArrayRef<long>)::[lambda(char *, const char *, long) (instance 1)]>(at::TensorIteratorBase &, c10::ArrayRef<long>, c10::ArrayRef<long>, const T1 &, bool)::[lambda(int) (instance 1)]>(long, T3)","void at::native::index_elementwise_kernel<(int)128, (int)4, void at::native::gpu_index_kernel<void at::native::index_kernel_impl<at::native::OpaqueType<(int)4>>(at::TensorIterat...",memory_elementwise,208,0.887007,4.264457,2.176,6.112
63,"void at::native::<unnamed>::CatArrayBatchedCopy_vectorized<at::native::<unnamed>::OpaqueType<(unsigned int)8>, unsigned int, (int)1, (int)128, (int)1, (int)16, (int)2>(char *, at::native::<unnamed>::CatArrInputTensorMetadata<T1, T2, T4, T5>, at::native::<unnamed>::TensorSizeStride<T2, (unsigned int)4>, int, T2)","void at::native::<unnamed>::CatArrayBatchedCopy_vectorized<at::native::<unnamed>::OpaqueType<(unsigned int)8>, unsigned int, (int)1, (int)128, (int)1, (int)16, (int)2>(char *, a...",memory_elementwise,88,0.839105,9.535284,1.536,97.216
67,"void at::native::vectorized_elementwise_kernel<(int)4, void at::native::compare_scalar_kernel<int>(at::TensorIteratorBase &, at::native::<unnamed>::OpType, T1)::[lambda(int) (instance 1)], std::array<char *, (unsigned long)2>>(int, T2, T3)","void at::native::vectorized_elementwise_kernel<(int)4, void at::native::compare_scalar_kernel<int>(at::TensorIteratorBase &, at::native::<unnamed>::OpType, T1)::[lambda(int) (in...",memory_elementwise,624,0.752864,1.206513,1.024,1.472
82,nvjet_sm90_tss_32x64_64x16_1x4_h_bz_splitK_TNN,nvjet_sm90_tss_32x64_64x16_1x4_h_bz_splitK_TNN,gemm_moe,42,0.720899,17.164262,16.416,18.688
0,alloc_extend_kernel,alloc_extend_kernel,other,104,0.707298,6.800942,2.208,10.816
5,"void at::native::unrolled_elementwise_kernel<at::native::direct_copy_kernel_cuda(at::TensorIteratorBase &)::[lambda() (instance 3)]::operator ()() const::[lambda() (instance 3)]::operator ()() const::[lambda(int) (instance 1)], std::array<char *, (unsigned long)2>, (int)4, TrivialOffsetCalculator<(int)1, unsigned int>, TrivialOffsetCalculator<(int)1, unsigned int>, at::native::memory::LoadWithCast<(int)1>, at::native::memory::StoreWithCast<(int)1>>(int, T1, T2, T4, T5, T6, T7)",void at::native::unrolled_elementwise_kernel<at::native::direct_copy_kernel_cuda(at::TensorIteratorBase &)::[lambda() (instance 3)]::operator ()() const::[lambda() (instance 3)]...,memory_elementwise,200,0.641858,3.20929,1.056,96.928
3,"void at::native::<unnamed>::multi_tensor_apply_kernel<at::native::<unnamed>::TensorListMetadata<(int)2>, at::native::<unnamed>::UnaryOpFunctor<long, (int)2, (int)1, (int)1>, at::native::Copy<long, long>>(T1, T2, T3...)","void at::native::<unnamed>::multi_tensor_apply_kernel<at::native::<unnamed>::TensorListMetadata<(int)2>, at::native::<unnamed>::UnaryOpFunctor<long, (int)2, (int)1, (int)1>, at:...",memory_elementwise,104,0.621409,5.975087,2.304,7.104
81,"void deep_gemm::sm90_fp8_gemm_1d2d_impl<(cute::UMMA::Major)0, (unsigned int)0, (unsigned int)0, (unsigned int)0, (unsigned int)1, (unsigned int)64, (unsigned int)64, (unsigned int)128, (unsigned int)128, (unsigned int)128, (unsigned int)128, (unsigned int)13, (unsigned int)128, (unsigned int)128, (unsigned int)1, (bool)0, (unsigned int)132, (deep_gemm::GemmType)0, deep_gemm::epilogue::transform::EpilogueIdentity>(float *, int *, unsigned int, unsigned int, unsigned int, CUtensorMap_st, CUtensorMap_st, CUtensorMap_st, CUtensorMap_st)","void deep_gemm::sm90_fp8_gemm_1d2d_impl<(cute::UMMA::Major)0, (unsigned int)0, (unsigned int)0, (unsigned int)0, (unsigned int)1, (unsigned int)64, (unsigned int)64, (unsigned i...",gemm_moe,42,0.504804,12.019143,11.328,13.152
76,"void at::native::index_elementwise_kernel<(int)128, (int)4, void at::native::gpu_index_kernel<void at::native::index_put_kernel_impl<at::native::OpaqueType<(int)8>>(at::TensorIterator &, c10::ArrayRef<long>, c10::ArrayRef<long>)::[lambda(char *, const char *, long) (instance 1)]>(at::TensorIteratorBase &, c10::ArrayRef<long>, c10::ArrayRef<long>, const T1 &, bool)::[lambda(int) (instance 1)]>(long, T3)","void at::native::index_elementwise_kernel<(int)128, (int)4, void at::native::gpu_index_kernel<void at::native::index_put_kernel_impl<at::native::OpaqueType<(int)8>>(at::TensorIt...",memory_elementwise,126,0.378784,3.006222,1.6,56.768
2,compute_position_kernel,compute_position_kernel,other,104,0.320417,3.080933,1.44,3.712
77,"void at::native::vectorized_elementwise_kernel<(int)2, void at::native::compare_scalar_kernel<int>(at::TensorIteratorBase &, at::native::<unnamed>::OpType, T1)::[lambda(int) (instance 1)], std::array<char *, (unsigned long)2>>(int, T2, T3)","void at::native::vectorized_elementwise_kernel<(int)2, void at::native::compare_scalar_kernel<int>(at::TensorIteratorBase &, at::native::<unnamed>::OpType, T1)::[lambda(int) (in...",memory_elementwise,248,0.30157,1.216008,1.024,1.44
71,"void at::native::unrolled_elementwise_kernel<void at::native::compare_scalar_kernel<int>(at::TensorIteratorBase &, at::native::<unnamed>::OpType, T1)::[lambda(int) (instance 1)], std::array<char *, (unsigned long)2>, (int)4, TrivialOffsetCalculator<(int)1, unsigned int>, TrivialOffsetCalculator<(int)1, unsigned int>, at::native::memory::LoadWithoutCast, at::native::memory::StoreWithoutCast>(int, T1, T2, T4, T5, T6, T7)","void at::native::unrolled_elementwise_kernel<void at::native::compare_scalar_kernel<int>(at::TensorIteratorBase &, at::native::<unnamed>::OpType, T1)::[lambda(int) (instance 1)]...",memory_elementwise,254,0.272576,1.073134,0.928,1.312
10,"void <unnamed>::elementwise_kernel_with_index<int, at::native::arange_cuda_out(const c10::Scalar &, const c10::Scalar &, const c10::Scalar &, at::Tensor &)::[lambda() (instance 1)]::operator ()() const::[lambda() (instance 3)]::operator ()() const::[lambda(long) (instance 1)]>(T1, T2, function_traits<T2>::result_type *)","void <unnamed>::elementwise_kernel_with_index<int, at::native::arange_cuda_out(const c10::Scalar &, const c10::Scalar &, const c10::Scalar &, at::Tensor &)::[lambda() (instance ...",memory_elementwise,312,0.269441,0.863593,0.608,1.184
75,"void at::native::reduce_kernel<(int)512, (int)1, at::native::ReduceOp<float, at::native::ArgMaxOps<float>, unsigned int, long, (int)4, (int)4>>(T3)","void at::native::reduce_kernel<(int)512, (int)1, at::native::ReduceOp<float, at::native::ArgMaxOps<float>, unsigned int, long, (int)4, (int)4>>(T3)",memory_elementwise,26,0.224192,8.622769,8.128,9.536
4,"void at::native::vectorized_elementwise_kernel<(int)2, at::native::CUDAFunctorOnSelf_add<long>, std::array<char *, (unsigned long)2>>(int, T2, T3)","void at::native::vectorized_elementwise_kernel<(int)2, at::native::CUDAFunctorOnSelf_add<long>, std::array<char *, (unsigned long)2>>(int, T2, T3)",memory_elementwise,156,0.194912,1.249436,0.992,1.952
15,"void at::native::vectorized_elementwise_kernel<(int)4, at::native::BUnaryFunctor<int, int, int, at::native::binary_internal::div_floor_kernel_cuda(at::TensorIteratorBase &)::[lambda() (instance 1)]::operator ()() const::[lambda() (instance 3)]::operator ()() const::[lambda(int, int) (instance 1)]>, std::array<char *, (unsigned long)2>>(int, T2, T3)","void at::native::vectorized_elementwise_kernel<(int)4, at::native::BUnaryFunctor<int, int, int, at::native::binary_internal::div_floor_kernel_cuda(at::TensorIteratorBase &)::[la...",memory_elementwise,104,0.160577,1.54401,1.152,2.176
12,"void at::native::vectorized_elementwise_kernel<(int)4, at::native::<unnamed>::launch_clamp_scalar(at::TensorIteratorBase &, c10::Scalar, c10::Scalar, at::native::detail::ClampLimits)::[lambda() (instance 1)]::operator ()() const::[lambda() (instance 3)]::operator ()() const::[lambda(int) (instance 1)], std::array<char *, (unsigned long)2>>(int, T2, T3)","void at::native::vectorized_elementwise_kernel<(int)4, at::native::<unnamed>::launch_clamp_scalar(at::TensorIteratorBase &, c10::Scalar, c10::Scalar, at::native::detail::ClampLi...",memory_elementwise,104,0.11328,1.089231,1.024,1.408
11,"void at::native::vectorized_elementwise_kernel<(int)4, at::native::CUDAFunctor_add<int>, std::array<char *, (unsigned long)3>>(int, T2, T3)","void at::native::vectorized_elementwise_kernel<(int)4, at::native::CUDAFunctor_add<int>, std::array<char *, (unsigned long)3>>(int, T2, T3)",memory_elementwise,104,0.111552,1.072615,0.992,1.28
72,"void at::native::index_elementwise_kernel<(int)128, (int)4, void at::native::gpu_index_kernel<void at::native::index_kernel_impl<at::native::OpaqueType<(int)2>>(at::TensorIteratorBase &, c10::ArrayRef<long>, c10::ArrayRef<long>)::[lambda(char *, const char *, long) (instance 1)]>(at::TensorIteratorBase &, c10::ArrayRef<long>, c10::ArrayRef<long>, const T1 &, bool)::[lambda(int) (instance 1)]>(long, T3)","void at::native::index_elementwise_kernel<(int)128, (int)4, void at::native::gpu_index_kernel<void at::native::index_kernel_impl<at::native::OpaqueType<(int)2>>(at::TensorIterat...",memory_elementwise,26,0.090176,3.468308,3.136,4.192
20,"void at::native::vectorized_elementwise_kernel<(int)4, at::native::FillFunctor<float>, std::array<char *, (unsigned long)1>>(int, T2, T3)","void at::native::vectorized_elementwise_kernel<(int)4, at::native::FillFunctor<float>, std::array<char *, (unsigned long)1>>(int, T2, T3)",memory_elementwise,104,0.085312,0.820308,0.672,1.056
83,"void cublasLt::splitKreduce_kernel<(int)32, (int)16, int, float, float, float, float, (bool)0, float, float, float, (bool)1, (bool)0, (bool)0, (bool)0>(cublasLt::cublasSplitKParams<T6>, const T4 *, const T10 *, T9 *, T5 *, const T6 *, const T6 *, const T11 *, const T4 *, T11 *, void *, long, T6 *, int *, T6 *, T6 *, const T6 *, const T6 *, const T6 *, const T6 *, const T6 *)","void cublasLt::splitKreduce_kernel<(int)32, (int)16, int, float, float, float, float, (bool)0, float, float, float, (bool)1, (bool)0, (bool)0, (bool)0>(cublasLt::cublasSplitKPar...",memory_elementwise,42,0.0848,2.019048,1.92,2.176
74,"void at::native::unrolled_elementwise_kernel<at::native::direct_copy_kernel_cuda(at::TensorIteratorBase &)::[lambda() (instance 3)]::operator ()() const::[lambda() (instance 7)]::operator ()() const::[lambda(float) (instance 1)], std::array<char *, (unsigned long)2>, (int)4, TrivialOffsetCalculator<(int)1, unsigned int>, TrivialOffsetCalculator<(int)1, unsigned int>, at::native::memory::LoadWithCast<(int)1>, at::native::memory::StoreWithCast<(int)1>>(int, T1, T2, T4, T5, T6, T7)",void at::native::unrolled_elementwise_kernel<at::native::direct_copy_kernel_cuda(at::TensorIteratorBase &)::[lambda() (instance 3)]::operator ()() const::[lambda() (instance 7)]...,memory_elementwise,26,0.079104,3.042462,2.912,3.168
16,triton_poi_fused_add_bitwise_and_bitwise_not_bitwise_or_ge_lt_mul_sub_0,triton_poi_fused_add_bitwise_and_bitwise_not_bitwise_or_ge_lt_mul_sub_0,other,26,0.062913,2.419731,1.408,3.04
