rank,category,count,total_ms,avg_us,min_us,max_us,devices,short_name,full_name
1,flash_attention,14430,98638.0178,6835.621469,1892.452,8493.65,0;1;2;3,fmhaSm100fKernel_QkvE4m3OBfloat16HQk576HV512PagedKvDenseStaticTokenSparseP1VarSeqQ64Kv128PersistentKeepsAbForGen,fmhaSm100fKernel_QkvE4m3OBfloat16HQk576HV512PagedKvDenseStaticTokenSparseP1VarSeqQ64Kv128PersistentKeepsAbForGen
2,tensor_core_gemm,13875,88749.629602,6396.369701,1912.074,7636.488,0;1;2;3,bmm_E2m1_E2m1E2m1_Fp32_Ab16_Bb16_Cb16_t128x128x512u2_s2x2x2x2x1x2_et128x32_m128x128x64_c1x1x1_rM_TN_transOut_schPd2x1x2x3_biasFp32M_fCp_bN_ldgsts_ldgstsSf_rgTma_clmp_swiGlu_lbW4_lsfbW4_dy...,bmm_E2m1_E2m1E2m1_Fp32_Ab16_Bb16_Cb16_t128x128x512u2_s2x2x2x2x1x2_et128x32_m128x128x64_c1x1x1_rM_TN_transOut_schPd2x1x2x3_biasFp32M_fCp_bN_ldgsts_ldgstsSf_rgTma_clmp_swiGlu_lbW4_lsfbW4_dynB_sm100f
3,tensor_core_gemm,29337,58486.52476,1993.609597,184.225,4041.478,0;1;2;3,nvjet_sm103_tst_256x256_64x4_2x1_2cta_v_bz_TNT,nvjet_sm103_tst_256x256_64x4_2x1_2cta_v_bz_TNT
4,tensor_core_gemm,61050,46653.419773,764.18378,94.848,5871.0,0;1;2;3,nvjet_sm103_tst_128x256_64x6_2x1_2cta_v_bz_TNT,nvjet_sm103_tst_128x256_64x6_2x1_2cta_v_bz_TNT
5,flash_attention,21146,40605.711703,1920.254975,201.473,4199.272,0;1;2,sm100_fp8_mqa_logits,"void deep_gemm::sm100_fp8_mqa_logits<(unsigned int)32, (unsigned int)128, (bool)0, (unsigned int)4, (unsigned int)256, (unsigned int)3, (unsigned int)3, (unsigned int)147, (unsigned int)128, (unsigned int)256, float, (unsigned int)2>(unsigned int, unsigned int, unsigned int, unsigned int, unsigned int *, unsigned int *, T11 *, CUtensorMap_st, CUtensorMap_st, CUtensorMap_st, CUtensorMap_st)"
6,flash_attention,28721,34450.392248,1199.484428,42.849,2864.795,0;1;2;3,topk_transform_prefill_kernel,"<unnamed>::topk_transform_prefill_kernel(<unnamed>::FastTopKParams, int *, const int *, long, const int *, long)"
7,tensor_core_gemm,13875,22393.178813,1613.922797,495.715,1870.738,0;1;2;3,bmm_Bfloat16_E2m1E2m1_Fp32_Ab16_Bb16_t128x128x256u2_s6_et128x128_m256x128x64_c2x1x1_rM_TN_transOut_schPd2x1x2x3_biasFp32M_bN_rgTma_clmp_dynB_sm100f,bmm_Bfloat16_E2m1E2m1_Fp32_Ab16_Bb16_t128x128x256u2_s6_et128x128_m256x128x64_c2x1x1_rM_TN_transOut_schPd2x1x2x3_biasFp32M_bN_rgTma_clmp_dynB_sm100f
8,nccl_comm,4070,12646.464541,3107.239445,5.441,568160.251,0;1;2;3,ncclDevKernel_SendRecv,ncclDevKernel_SendRecv(ncclDevKernelArgsStorage<(unsigned long)4096>)
9,flash_attention,7575,12268.581438,1619.614711,194.88,3676.174,3,sm100_fp8_mqa_logits,"void deep_gemm::sm100_fp8_mqa_logits<(unsigned int)32, (unsigned int)128, (bool)0, (unsigned int)4, (unsigned int)256, (unsigned int)3, (unsigned int)3, (unsigned int)148, (unsigned int)128, (unsigned int)256, float, (unsigned int)2>(unsigned int, unsigned int, unsigned int, unsigned int, unsigned int *, unsigned int *, T11 *, CUtensorMap_st, CUtensorMap_st, CUtensorMap_st, CUtensorMap_st)"
10,quant_rope_norm,14430,11770.297939,815.682463,241.761,906.185,0;1;2;3,RopeQuantizeKernel,"void flashinfer::RopeQuantizeKernel<(bool)1, (unsigned int)16, (unsigned int)1, __nv_bfloat16, long, __nv_fp8_e4m3>(T4 *, T4 *, T4 *, T4 *, T6 *, T6 *, T6 *, T6 *, float *, T5 *, unsigned int, unsigned int, unsigned int, unsigned int, unsigned int, unsigned long, unsigned long, unsigned long, unsigned long, unsigned long, unsigned long, unsigned long, unsigned long, unsigned long, unsigned long, unsigned long, unsigned long, unsigned long, unsigned long, unsigned long, unsigned long, float, float)"
11,elementwise_misc,35251,11646.519368,330.38834,2.016,565.733,0;1;2;3,vectorized_gather_kernel,"void at::native::vectorized_gather_kernel<(int)16, long>(char *, char *, T2 *, int, long, long, long, long, bool)"
12,tensor_core_gemm,14352,8554.580422,596.054935,214.85,665.191,0;1;2;3,nvjet_sm103_tst_176x128_64x8_1x2_2cta_h_bz_TNN,nvjet_sm103_tst_176x128_64x8_1x2_2cta_h_bz_TNN
13,tensor_core_gemm,13875,7553.063951,544.364969,167.872,667.814,0;1;2;3,finalizeKernelVecLoad,"void moe::dev::finalize::finalizeKernelVecLoad<moe::dev::finalize::KernelParams<cutlass::bfloat16_t, cutlass::bfloat16_t, (int)4, (bool)1>>(T1)"
14,quant_rope_norm,28860,6879.453729,238.37331,73.408,284.899,0;1;2;3,kernel_cutlass_kernel_flashinfernormkernelsfused_add_rmsnormFusedAddRMSNormKernel_object_at__tensorptrbf16gmemalign128oi64614461441_tensorptrbf16gmemalign128oi64614461441_tensorptrbf16gme_0,kernel_cutlass_kernel_flashinfernormkernelsfused_add_rmsnormFusedAddRMSNormKernel_object_at__tensorptrbf16gmemalign128oi64614461441_tensorptrbf16gmemalign128oi64614461441_tensorptrbf16gme_0
15,elementwise_misc,13875,2494.197014,179.761947,55.264,189.217,0;1;2;3,vectorized_elementwise_kernel,"void at::native::vectorized_elementwise_kernel<(int)8, at::native::CUDAFunctor_add<c10::BFloat16>, std::array<char *, (unsigned long)3>>(int, T2, T3)"
16,other_kernel,7770,2396.732624,308.459797,6.752,633.19,0;1;2;3,fast_hadamard_transform_kernel,"void <unnamed>::fast_hadamard_transform_kernel<<unnamed>::FastHadamardKernelTraits<(int)16, (int)7, __nv_bfloat16>>(HadamardParamsBase)"
17,quant_rope_norm,13875,1431.344995,103.16,31.36,130.657,0;1;2;3,kernel_cutlass_kernel_flashinferquantizationkernelsnvfp4_quantizeNVFP4QuantizeTMAKernel_object_at__CopyAtom_ThrID10_TVLayoutSrc1819201_TVLayoutDst1819201_Valuetypebf16_tensor000o966411121_0,kernel_cutlass_kernel_flashinferquantizationkernelsnvfp4_quantizeNVFP4QuantizeTMAKernel_object_at__CopyAtom_ThrID10_TVLayoutSrc1819201_TVLayoutDst1819201_Valuetypebf16_tensor000o966411121_0
18,elementwise_misc,14430,1274.488118,88.322115,24.224,496.325,0;1;2;3,act_and_mul_kernel,"void <unnamed>::act_and_mul_kernel<__nv_bfloat16, (<unnamed>::ActivationKind)0, (bool)1, (bool)0>(<unnamed>::ActivationParams)"
19,tensor_core_gemm,10203,846.171584,82.933606,78.976,161.729,0;1;2;3,nvjet_sm103_tst_128x224_64x7_2x1_2cta_v_bz_TNT,nvjet_sm103_tst_128x224_64x7_2x1_2cta_v_bz_TNT
20,quant_rope_norm,14430,627.367623,43.47662,14.816,51.905,0;1;2;3,kernel_cutlass_kernel_flashinfernormkernelsrmsnormRMSNormKernel_object_at__tensorptrbf16gmemalign16oi642048i64div81_tensorptrbf16gmemalign16o20481_tensorptrbf16gmemalign16oi642048i64div81_0,kernel_cutlass_kernel_flashinfernormkernelsrmsnormRMSNormKernel_object_at__tensorptrbf16gmemalign16oi642048i64div81_tensorptrbf16gmemalign16o20481_tensorptrbf16gmemalign16oi642048i64div81_0
21,moe_routing,13875,544.430318,39.238221,12.16,48.768,0;1;2;3,routingIndicesHistogramScoresKernel,"void moe::dev::routing::routingCustom::routingIndicesHistogramScoresKernel<moe::dev::routing::routingCustom::KernelParams<__nv_bfloat16, __nv_bfloat16, (int)256, (int)8, moe::dev::routing::TopKExpertSelect<moe::dev::routing::SigmoidBiasPreprocess, moe::dev::routing::ScaledSumNormalizePostprocess>>>(T1)"
22,tensor_core_gemm,3600,307.15043,85.319564,81.345,92.641,0;1;2;3,nvjet_sm103_tst_128x256_64x6_2x2_2cta_h_bz_TNT,nvjet_sm103_tst_128x256_64x6_2x2_2cta_h_bz_TNT
23,quant_rope_norm,3885,285.932933,73.599211,21.888,83.969,0;1;2;3,_act_quant_kernel,_act_quant_kernel
24,tensor_core_gemm,3843,265.248319,69.02116,67.2,72.225,0;1;2;3,nvjet_sm103_tss_32x256_64x6_1x4_h_bz_TNN,nvjet_sm103_tss_32x256_64x6_1x4_h_bz_TNN
25,quant_rope_norm,63857,251.787025,3.942982,1.344,34.561,0;1;2;3,unrolled_elementwise_kernel,"void at::native::unrolled_elementwise_kernel<at::native::direct_copy_kernel_cuda(at::TensorIteratorBase &)::[lambda() (instance 3)]::operator ()() const::[lambda() (instance 4)]::operator ()() const::[lambda(long) (instance 1)], std::array<char *, (unsigned long)2>, (int)4, TrivialOffsetCalculator<(int)1, unsigned int>, TrivialOffsetCalculator<(int)1, unsigned int>, at::native::memory::LoadWithCast<(int)1>, at::native::memory::StoreWithCast<(int)1>>(int, T1, T2, T4, T5, T6, T7)"
26,elementwise_misc,44933,214.682444,4.777835,0.832,44.673,0;1;2;3,vectorized_elementwise_kernel,"void at::native::vectorized_elementwise_kernel<(int)4, at::native::FillFunctor<int>, std::array<char *, (unsigned long)1>>(int, T2, T3)"
27,tensor_core_gemm,2835,214.542517,75.676373,72.672,79.936,0;1;2;3,nvjet_sm103_tst_64x480_64x5_2x1_2cta_v_bz_TNT,nvjet_sm103_tst_64x480_64x5_2x1_2cta_v_bz_TNT
28,elementwise_misc,28672,214.348663,7.475888,1.856,9.664,0;1;2;3,_scatter_gather_elementwise_kernel,"void at::native::_scatter_gather_elementwise_kernel<(int)128, (int)8, void at::native::_cuda_scatter_gather_internal_kernel<(bool)0, at::native::OpaqueType<(int)4>, int>::operator ()<at::native::TensorAssign>(at::TensorIterator &, long, long, long, const T1 &)::[lambda(int) (instance 1)]>(int, T3)"
29,quant_rope_norm,14430,194.960124,13.51075,5.184,15.968,0;1;2;3,kernel_cutlass_kernel_flashinfernormkernelsrmsnormRMSNormKernel_object_at__tensorptrbf16gmemalign16oi64512i64div81_tensorptrbf16gmemalign16o5121_tensorptrbf16gmemalign16oi64512i64div81____0,kernel_cutlass_kernel_flashinfernormkernelsrmsnormRMSNormKernel_object_at__tensorptrbf16gmemalign16oi64512i64div81_tensorptrbf16gmemalign16o5121_tensorptrbf16gmemalign16oi64512i64div81____0
30,quant_rope_norm,3885,182.220168,46.903518,12.544,50.944,0;1;2;3,fused_rope_kernel,"void <unnamed>::fused_rope_kernel<(bool)0, (long)64, (bool)1, __nv_bfloat16, long, (unsigned int)8>(<unnamed>::FusedRopeParams)"
31,moe_routing,13875,165.91133,11.957573,6.912,13.664,0;1;2;3,routingIndicesCoopKernel,"void moe::dev::routing::routingIndicesCoopKernel<moe::dev::routing::routingCustom::KernelParams<__nv_bfloat16, __nv_bfloat16, (int)256, (int)8, moe::dev::routing::TopKExpertSelect<moe::dev::routing::NoOpPreprocess, moe::dev::routing::NoOpPostprocess>>>(T1)"
32,other_kernel,14430,118.116122,8.185455,3.616,10.048,0;1;2;3,set_mla_kv_buffer_kernel,"void <unnamed>::set_mla_kv_buffer_kernel<(long)512, (long)64, (int)8, (bool)1, long>(<unnamed>::SetMlaKVBufferParams)"
33,other_kernel,30920,110.146045,3.562291,1.248,4.768,0;1;2;3,DeviceScanKernel,"void at_cuda_detail::cub::detail::scan::DeviceScanKernel<at_cuda_detail::cub::detail::scan::policy_hub<int, int, int, unsigned int, std::plus<int>>::Policy1000, const int *, int *, at_cuda_detail::cub::ScanTileState<int, (bool)1>, std::plus<int>, at_cuda_detail::cub::NullType, unsigned int, int, (bool)0, at_cuda_detail::cub::NullType>(T2, T3, T4, int, T5, T6, T7)"
34,elementwise_misc,28700,98.657884,3.437557,2.112,5.056,0;1;2;3,reduce_kernel,"void at::native::reduce_kernel<(int)512, (int)1, at::native::ReduceOp<bool, at::native::func_wrapper_t<bool, at::native::and_kernel_cuda(at::TensorIterator &)::[lambda() (instance 1)]::operator ()() const::[lambda() (instance 12)]::operator ()() const::[lambda(bool, bool) (instance 1)]>, unsigned int, bool, (int)4, (int)4>>(T3)"
35,other_kernel,28885,97.989665,3.392407,1.632,4.928,0;1;2;3,DeviceScanKernel,"void at_cuda_detail::cub::detail::scan::DeviceScanKernel<at_cuda_detail::cub::detail::scan::policy_hub<long, long, long, unsigned int, std::plus<long>>::Policy1000, const long *, long *, at_cuda_detail::cub::ScanTileState<long, (bool)1>, std::plus<long>, at_cuda_detail::cub::NullType, unsigned int, long, (bool)0, at_cuda_detail::cub::NullType>(T2, T3, T4, int, T5, T6, T7)"
36,quant_rope_norm,3885,81.843555,21.066552,7.2,22.752,0;1;2;3,kernel_cutlass_kernel_flashinfernormkernelslayernormLayerNormKernel_object_at__tensorptrbf16gmemalign16oi64128i64div41_tensorptrbf16gmemalign16oi64128i64div41_tensorptrf32gmemalign16o1281_0,kernel_cutlass_kernel_flashinfernormkernelslayernormLayerNormKernel_object_at__tensorptrbf16gmemalign16oi64128i64div41_tensorptrbf16gmemalign16oi64128i64div41_tensorptrf32gmemalign16o1281_0
37,other_kernel,28700,79.693943,2.776792,1.6,3.744,0;1;2;3,compute_cuda_kernel,"void compute_cuda_kernel<int>(const T1 *, const long *, T1 *, long, long)"
38,tensor_core_gemm,1008,75.76323,75.161935,72.96,77.761,0;1;2;3,nvjet_sm103_tst_64x512_64x5_2x2_2cta_h_bz_TNT,nvjet_sm103_tst_64x512_64x5_2x2_2cta_h_bz_TNT
39,other_kernel,3885,68.00992,17.505771,7.328,21.152,0;1;2;3,_get_k_and_s_triton_kernel,_get_k_and_s_triton_kernel
40,other_kernel,740,60.24726,81.415216,48.736,149.505,0;1;2;3,write_req_to_token_pool_triton,write_req_to_token_pool_triton
41,other_kernel,30920,56.912463,1.840636,0.832,2.72,0;1;2;3,DeviceScanInitKernel,"void at_cuda_detail::cub::detail::scan::DeviceScanInitKernel<at_cuda_detail::cub::ScanTileState<int, (bool)1>>(T1, int)"
42,elementwise_misc,14430,56.759691,3.933451,1.888,4.992,0;1;2;3,vectorized_elementwise_kernel,"void at::native::vectorized_elementwise_kernel<(int)4, at::native::FillFunctor<unsigned char>, std::array<char *, (unsigned long)1>>(int, T2, T3)"
43,tensor_core_gemm,185,53.513647,289.262957,285.922,294.114,3,nvjet_sm103_tst_192x8_64x8_2x1_v_bz_splitK_TNT,nvjet_sm103_tst_192x8_64x8_2x1_v_bz_splitK_TNT
44,elementwise_misc,3885,44.831649,11.539678,4.384,12.544,0;1;2;3,fused_store_indexer_cache,"void <unnamed>::fused_store_indexer_cache<__nv_bfloat16, long, (unsigned int)6, (bool)1>(<unnamed>::FusedStoreCacheParam)"
45,other_kernel,28885,43.165421,1.494389,0.832,2.048,0;1;2;3,DeviceScanInitKernel,"void at_cuda_detail::cub::detail::scan::DeviceScanInitKernel<at_cuda_detail::cub::ScanTileState<long, (bool)1>>(T1, int)"
46,other_kernel,2400,29.409469,12.253945,8.608,31.968,0;1;2;3,DeviceRadixSortSingleTileKernel,"void at_cuda_detail::cub::detail::radix_sort::DeviceRadixSortSingleTileKernel<at_cuda_detail::cub::detail::radix::policy_hub<int, at_cuda_detail::cub::NullType, unsigned long long>::Policy1000, (at_cuda_detail::cub::SortOrder)0, int, at_cuda_detail::cub::NullType, unsigned long long, at_cuda_detail::cub::detail::identity_decomposer_t>(const T3 *, T3 *, const T4 *, T4 *, T5, int, int, T6)"
47,elementwise_misc,15407,28.301901,1.836951,1.088,2.56,0;1;2;3,vectorized_elementwise_kernel,"void at::native::vectorized_elementwise_kernel<(int)4, void at::native::compare_scalar_kernel<int>(at::TensorIteratorBase &, at::native::<unnamed>::OpType, T1)::[lambda(int) (instance 1)], std::array<char *, (unsigned long)2>>(int, T2, T3)"
48,moe_routing,13875,26.291467,1.894881,1.216,2.816,0;1;2;3,routingInitExpertCounts,"void moe::dev::routing::routingInitExpertCounts<moe::dev::routing::routingCustom::KernelParams<__nv_bfloat16, __nv_bfloat16, (int)256, (int)8, moe::dev::routing::TopKExpertSelect<moe::dev::routing::NoOpPreprocess, moe::dev::routing::NoOpPostprocess>>>(T1)"
49,quant_rope_norm,185,22.684131,122.616924,38.336,139.65,0,kernel_cutlass_kernel_flashinfernormkernelsrmsnormRMSNormKernel_object_at__tensorptrbf16gmemalign128oi64614461441_tensorptrbf16gmemalign16o61441_tensorptrbf16gmemalign128oi64614461441___T_0,kernel_cutlass_kernel_flashinfernormkernelsrmsnormRMSNormKernel_object_at__tensorptrbf16gmemalign128oi64614461441_tensorptrbf16gmemalign16o61441_tensorptrbf16gmemalign128oi64614461441___T_0
50,other_kernel,3885,13.061208,3.361958,2.112,4.416,0;1;2;3,triton_poi_fused_mul_unsqueeze_0,triton_poi_fused_mul_unsqueeze_0
51,elementwise_misc,6989,12.985227,1.857952,1.248,2.496,0;1;2;3,vectorized_elementwise_kernel,"void at::native::vectorized_elementwise_kernel<(int)2, void at::native::compare_scalar_kernel<int>(at::TensorIteratorBase &, at::native::<unnamed>::OpType, T1)::[lambda(int) (instance 1)], std::array<char *, (unsigned long)2>>(int, T2, T3)"
52,tensor_core_gemm,78,12.108689,155.239603,147.201,163.169,0;1;2;3,nvjet_sm103_tst_256x224_64x4_2x1_2cta_v_bz_TNT,nvjet_sm103_tst_256x224_64x4_2x1_2cta_v_bz_TNT
53,quant_rope_norm,6304,11.619363,1.843173,1.088,2.4,0;1;2;3,unrolled_elementwise_kernel,"void at::native::unrolled_elementwise_kernel<void at::native::compare_scalar_kernel<int>(at::TensorIteratorBase &, at::native::<unnamed>::OpType, T1)::[lambda(int) (instance 1)], std::array<char *, (unsigned long)2>, (int)4, TrivialOffsetCalculator<(int)1, unsigned int>, TrivialOffsetCalculator<(int)1, unsigned int>, at::native::memory::LoadWithoutCast, at::native::memory::StoreWithoutCast>(int, T1, T2, T4, T5, T6, T7)"
54,elementwise_misc,3132,11.408764,3.642645,1.472,27.905,0;1;2;3,CatArrayBatchedCopy_vectorized,"void at::native::<unnamed>::CatArrayBatchedCopy_vectorized<at::native::<unnamed>::OpaqueType<(unsigned int)8>, unsigned int, (int)1, (int)128, (int)1, (int)16, (int)2>(char *, at::native::<unnamed>::CatArrInputTensorMetadata<T1, T2, T4, T5>, at::native::<unnamed>::TensorSizeStride<T2, (unsigned int)4>, int, T2)"
55,elementwise_misc,7004,10.124767,1.445569,0.832,1.984,0;1;2;3,elementwise_kernel_with_index,"void <unnamed>::elementwise_kernel_with_index<int, at::native::arange_cuda_out(const c10::Scalar &, const c10::Scalar &, const c10::Scalar &, at::Tensor &)::[lambda() (instance 1)]::operator ()() const::[lambda() (instance 3)]::operator ()() const::[lambda(long) (instance 1)]>(T1, T2, function_traits<T2>::result_type *)"
56,elementwise_misc,3140,8.311107,2.646849,1.6,10.016,0;1;2;3,vectorized_elementwise_kernel,"void at::native::vectorized_elementwise_kernel<(int)4, at::native::BUnaryFunctor<int, int, int, at::native::binary_internal::div_floor_kernel_cuda(at::TensorIteratorBase &)::[lambda() (instance 1)]::operator ()() const::[lambda() (instance 3)]::operator ()() const::[lambda(int, int) (instance 1)]>, std::array<char *, (unsigned long)2>>(int, T2, T3)"
57,other_kernel,2400,8.146543,3.394393,2.112,14.912,0;1;2;3,DeviceSelectSweepKernel,"void at_cuda_detail::cub::detail::select::DeviceSelectSweepKernel<at_cuda_detail::cub::detail::select::policy_hub<int, at_cuda_detail::cub::NullType, int, (bool)0, (at_cuda_detail::cub::SelectImpl)0>::Policy1000, const int *, at_cuda_detail::cub::NullType *, int *, long *, at_cuda_detail::cub::ScanTileState<int, (bool)1>, at_cuda_detail::cub::NullType, cuda::std::__4::equal_to<void>, int, at_cuda_detail::cub::detail::select::streaming_context_t<long, (bool)1>, (at_cuda_detail::cub::SelectImpl)0>(T2, T3, T4, T5, T6, T7, T8, T9, int, T10, at_cuda_detail::cub::detail::vsmem_t)"
58,elementwise_misc,740,7.85601,10.61623,3.616,12.832,0;1;2;3,multi_tensor_apply_kernel,"void at::native::<unnamed>::multi_tensor_apply_kernel<at::native::<unnamed>::TensorListMetadata<(int)2>, at::native::<unnamed>::UnaryOpFunctor<long, (int)2, (int)1, (int)1>, at::native::Copy<long, long>>(T1, T2, T3...)"
59,other_kernel,740,7.473587,10.099442,4.096,33.152,0;1;2;3,alloc_extend_kernel,alloc_extend_kernel
60,elementwise_misc,744,5.581441,7.501937,4.352,8.736,0;1;2;3,index_elementwise_kernel,"void at::native::index_elementwise_kernel<(int)128, (int)4, void at::native::gpu_index_kernel<void at::native::index_kernel_impl<at::native::OpaqueType<(int)4>>(at::TensorIteratorBase &, c10::ArrayRef<long>, c10::ArrayRef<long>)::[lambda(char *, const char *, long) (instance 1)]>(at::TensorIteratorBase &, c10::ArrayRef<long>, c10::ArrayRef<long>, const T1 &, bool)::[lambda(int) (instance 1)]>(long, T3)"
61,elementwise_misc,3132,5.474221,1.747836,1.184,2.528,0;1;2;3,vectorized_elementwise_kernel,"void at::native::vectorized_elementwise_kernel<(int)4, at::native::CUDAFunctor_add<int>, std::array<char *, (unsigned long)3>>(int, T2, T3)"
62,elementwise_misc,2944,5.176644,1.758371,1.504,2.208,0;1;2;3,CatArrayBatchedCopy_vectorized,"void at::native::<unnamed>::CatArrayBatchedCopy_vectorized<at::native::<unnamed>::OpaqueType<(unsigned int)4>, unsigned int, (int)1, (int)128, (int)1, (int)16, (int)4>(char *, at::native::<unnamed>::CatArrInputTensorMetadata<T1, T2, T4, T5>, at::native::<unnamed>::TensorSizeStride<T2, (unsigned int)4>, int, T2)"
63,elementwise_misc,736,5.031012,6.835614,1.824,28.0,0;1;2;3,CatArrayBatchedCopy_contig,"void at::native::<unnamed>::CatArrayBatchedCopy_contig<at::native::<unnamed>::OpaqueType<(unsigned int)8>, unsigned int, (int)1, (int)128, (int)1>(T1 *, at::native::<unnamed>::CatArrInputTensorMetadata<T1, T2, T4, T5>, at::native::<unnamed>::TensorSizeStride<T2, (unsigned int)4>, int, T2)"
64,other_kernel,2400,4.429467,1.845611,0.864,5.152,0;1;2;3,DeviceCompactInitKernel,"void at_cuda_detail::cub::detail::scan::DeviceCompactInitKernel<at_cuda_detail::cub::ScanTileState<int, (bool)1>, long *>(T1, int, T2)"
65,quant_rope_norm,1472,3.837495,2.606994,1.152,28.065,0;1;2;3,unrolled_elementwise_kernel,"void at::native::unrolled_elementwise_kernel<at::native::direct_copy_kernel_cuda(at::TensorIteratorBase &)::[lambda() (instance 3)]::operator ()() const::[lambda() (instance 3)]::operator ()() const::[lambda(int) (instance 1)], std::array<char *, (unsigned long)2>, (int)4, TrivialOffsetCalculator<(int)1, unsigned int>, TrivialOffsetCalculator<(int)1, unsigned int>, at::native::memory::LoadWithCast<(int)1>, at::native::memory::StoreWithCast<(int)1>>(int, T1, T2, T4, T5, T6, T7)"
66,elementwise_misc,925,3.331092,3.601181,2.144,14.336,0;1;2;3,index_elementwise_kernel,"void at::native::index_elementwise_kernel<(int)128, (int)4, void at::native::gpu_index_kernel<void at::native::index_put_kernel_impl<at::native::OpaqueType<(int)8>>(at::TensorIterator &, c10::ArrayRef<long>, c10::ArrayRef<long>)::[lambda(char *, const char *, long) (instance 1)]>(at::TensorIteratorBase &, c10::ArrayRef<long>, c10::ArrayRef<long>, const T1 &, bool)::[lambda(int) (instance 1)]>(long, T3)"
67,tensor_core_gemm,75,2.860858,38.144773,36.352,39.904,0;1;2;3,nvjet_sm103_tst_128x192_64x7_2x2_2cta_h_bz_TNT,nvjet_sm103_tst_128x192_64x7_2x2_2cta_h_bz_TNT
68,tensor_core_gemm,75,2.419814,32.264187,30.656,33.696,0;1;2;3,nvjet_sm103_tst_128x160_64x8_2x2_2cta_h_bz_TNT,nvjet_sm103_tst_128x160_64x8_2x2_2cta_h_bz_TNT
69,elementwise_misc,185,2.382642,12.879146,10.08,14.624,3,splitKreduce_kernel,"void cublasLt::splitKreduce_kernel<(int)32, (int)16, int, float, __nv_bfloat16, float, __nv_bfloat16, (bool)0, float, __nv_bfloat16, __nv_bfloat16, (bool)1, (bool)0, (bool)0, (bool)0>(cublasLt::cublasSplitKParams<T6>, const T4 *, const T10 *, T9 *, T5 *, const T6 *, const T6 *, const T11 *, const T4 *, T11 *, void *, long, T6 *, int *, T6 *, T6 *, const T6 *, const T6 *, const T6 *, const T6 *, const T6 *)"
70,other_kernel,740,2.285262,3.088192,2.624,4.0,0;1;2;3,compute_position_kernel,compute_position_kernel
71,elementwise_misc,1110,2.010379,1.811152,1.248,2.784,0;1;2;3,vectorized_elementwise_kernel,"void at::native::vectorized_elementwise_kernel<(int)2, at::native::CUDAFunctorOnSelf_add<long>, std::array<char *, (unsigned long)2>>(int, T2, T3)"
72,elementwise_misc,185,1.831857,9.90193,9.024,10.656,3,reduce_kernel,"void at::native::reduce_kernel<(int)512, (int)1, at::native::ReduceOp<float, at::native::ArgMaxOps<float>, unsigned int, long, (int)4, (int)4>>(T3)"
73,elementwise_misc,740,1.335398,1.804592,1.536,2.272,0;1;2;3,vectorized_elementwise_kernel,"void at::native::vectorized_elementwise_kernel<(int)4, at::native::<unnamed>::launch_clamp_scalar(at::TensorIteratorBase &, c10::Scalar, c10::Scalar, at::native::detail::ClampLimits)::[lambda() (instance 1)]::operator ()() const::[lambda() (instance 3)]::operator ()() const::[lambda(int) (instance 1)], std::array<char *, (unsigned long)2>>(int, T2, T3)"
74,elementwise_misc,740,1.110698,1.500943,0.896,2.496,0;1;2;3,vectorized_elementwise_kernel,"void at::native::vectorized_elementwise_kernel<(int)4, at::native::FillFunctor<float>, std::array<char *, (unsigned long)1>>(int, T2, T3)"
75,quant_rope_norm,185,0.815843,4.409962,3.936,4.672,3,unrolled_elementwise_kernel,"void at::native::unrolled_elementwise_kernel<at::native::direct_copy_kernel_cuda(at::TensorIteratorBase &)::[lambda() (instance 3)]::operator ()() const::[lambda() (instance 7)]::operator ()() const::[lambda(float) (instance 1)], std::array<char *, (unsigned long)2>, (int)4, TrivialOffsetCalculator<(int)1, unsigned int>, TrivialOffsetCalculator<(int)1, unsigned int>, at::native::memory::LoadWithCast<(int)1>, at::native::memory::StoreWithCast<(int)1>>(int, T1, T2, T4, T5, T6, T7)"
76,tensor_core_gemm,21,0.745446,35.497429,33.248,36.865,0;1;2;3,nvjet_sm103_tst_64x192_64x10_2x2_2cta_h_bz_TNT,nvjet_sm103_tst_64x192_64x10_2x2_2cta_h_bz_TNT
77,tensor_core_gemm,21,0.690856,32.897905,31.936,34.016,0;1;2;3,nvjet_sm103_tss_32x64_64x16_1x2_2cta_h_bz_splitK_TNN,nvjet_sm103_tss_32x64_64x16_1x2_2cta_h_bz_splitK_TNN
78,tensor_core_gemm,21,0.625664,29.793524,28.96,30.4,0;1;2;3,nvjet_sm103_tst_64x144_64x12_2x1_2cta_v_bz_TNT,nvjet_sm103_tst_64x144_64x12_2x1_2cta_v_bz_TNT
79,tensor_core_gemm,21,0.60992,29.04381,27.712,31.424,0;1;2;3,nvjet_sm103_tss_64x80_64x12_1x4_h_bz_TNT,nvjet_sm103_tss_64x80_64x12_1x4_h_bz_TNT
80,elementwise_misc,21,0.115649,5.507095,4.32,6.048,0;1;2;3,splitKreduce_kernel,"void cublasLt::splitKreduce_kernel<(int)32, (int)16, int, float, float, float, float, (bool)0, float, float, float, (bool)1, (bool)0, (bool)0, (bool)0>(cublasLt::cublasSplitKParams<T6>, const T4 *, const T10 *, T9 *, T5 *, const T6 *, const T6 *, const T11 *, const T4 *, T11 *, void *, long, T6 *, int *, T6 *, T6 *, const T6 *, const T6 *, const T6 *, const T6 *, const T6 *)"
81,elementwise_misc,28,0.098784,3.528,1.92,5.92,0,indexSelectSmallIndex,"void at::native::<unnamed>::indexSelectSmallIndex<int, int, unsigned int, (int)1, (int)1, (int)-2>(at::cuda::detail::TensorInfo<T1, T3>, at::cuda::detail::TensorInfo<const T1, T3>, at::cuda::detail::TensorInfo<const T2, T3>, int, int, T3, long)"
82,elementwise_misc,1,0.007104,7.104,7.104,7.104,3,index_elementwise_kernel,"void at::native::index_elementwise_kernel<(int)128, (int)4, void at::native::gpu_index_kernel<void at::native::index_kernel_impl<at::native::OpaqueType<(int)2>>(at::TensorIteratorBase &, c10::ArrayRef<long>, c10::ArrayRef<long>)::[lambda(char *, const char *, long) (instance 1)]>(at::TensorIteratorBase &, c10::ArrayRef<long>, c10::ArrayRef<long>, const T1 &, bool)::[lambda(int) (instance 1)]>(long, T3)"
