name,short_name,category,count,total_ms,average_us,max_us
fmhaSm100fKernel_QkvE4m3OBfloat16HQk576HV512PagedKvDenseStaticTokenSparseP1VarSeqQ64Kv128PersistentKeepsAbForGen,fmhaSm100fKernel_QkvE4m3OBfloat16HQk576HV512PagedKvDenseStaticTokenSparseP1VarSeqQ64Kv128PersistentKeepsAbForGen,attention,46800,327764.370235,7003.512184508547,10663.136
bmm_E2m1_E2m1E2m1_Fp32_Ab16_Bb16_Cb16_t128x128x512u2_s2x2x2x2x1x2_et128x32_m128x128x64_c1x1x1_rM_TN_transOut_schPd2x1x2x3_biasFp32M_fCp_bN_ldgsts_ldgstsSf_rgTma_clmp_swiGlu_lbW4_lsfbW4_dynB_sm100f,bmm_E2m1_E2m1E2m1_Fp32_Ab16_Bb16_Cb16_t128x128x512u2_s2x2x2x2x1x2_et128x32_m128x128x64_c1x1x1_rM_TN_transOut_schPd2x1x2x3_biasFp32M_fCp_bN_ldgsts_ldgstsSf_rgTma_clmp_swiGlu_lbW4...,other,45000,298384.284012,6630.761866933333,9942.635
ncclDevKernel_SendRecv(ncclDevKernelArgsStorage<(unsigned long)4096>),ncclDevKernel_SendRecv(ncclDevKernelArgsStorage<(unsigned long)4096>),nccl_sync,13200,260558.337757,19739.26801189394,2667649.977
nvjet_sm103_tst_256x256_64x4_2x1_2cta_v_bz_TNT,nvjet_sm103_tst_256x256_64x4_2x1_2cta_v_bz_TNT,gemm_moe,95400,195093.191335,2045.0020056079666,6673.194
nvjet_sm103_tst_128x256_64x6_2x1_2cta_v_bz_TNT,nvjet_sm103_tst_128x256_64x6_2x1_2cta_v_bz_TNT,gemm_moe,198000,153660.394091,776.0625964191919,6166.201
bmm_Bfloat16_E2m1E2m1_Fp32_Ab16_Bb16_t128x128x256u2_s6_et128x128_m256x128x64_c2x1x1_rM_TN_transOut_schPd2x1x2x3_biasFp32M_bN_rgTma_clmp_dynB_sm100f,bmm_Bfloat16_E2m1E2m1_Fp32_Ab16_Bb16_t128x128x256u2_s6_et128x128_m256x128x64_c2x1x1_rM_TN_transOut_schPd2x1x2x3_biasFp32M_bN_rgTma_clmp_dynB_sm100f,other,45000,74740.362228,1660.8969384000002,3889.464
"<unnamed>::topk_transform_prefill_kernel(<unnamed>::FastTopKParams, int *, const int *, long, const int *, long)","<unnamed>::topk_transform_prefill_kernel(<unnamed>::FastTopKParams, int *, const int *, long, const int *, long)",moe_routing,16800,44570.771297,2653.022101011905,5547.763
"void deep_gemm::sm100_fp8_mqa_logits<(unsigned int)32, (unsigned int)128, (bool)0, (unsigned int)4, (unsigned int)256, (unsigned int)3, (unsigned int)3, (unsigned int)147, (unsigned int)128, (unsigned int)256, float, (unsigned int)2>(unsigned int, unsigned int, unsigned int, unsigned int, unsigned int *, unsigned int *, T11 *, CUtensorMap_st, CUtensorMap_st, CUtensorMap_st, CUtensorMap_st)","void deep_gemm::sm100_fp8_mqa_logits<(unsigned int)32, (unsigned int)128, (bool)0, (unsigned int)4, (unsigned int)256, (unsigned int)3, (unsigned int)3, (unsigned int)147, (unsi...",attention,12300,43250.215323,3516.277668536585,8832.66
"void flashinfer::RopeQuantizeKernel<(bool)1, (unsigned int)16, (unsigned int)1, __nv_bfloat16, long, __nv_fp8_e4m3>(T4 *, T4 *, T4 *, T4 *, T6 *, T6 *, T6 *, T6 *, float *, T5 *, unsigned int, unsigned int, unsigned int, unsigned int, unsigned int, unsigned long, unsigned long, unsigned long, unsigned long, unsigned long, unsigned long, unsigned long, unsigned long, unsigned long, unsigned long, unsigned long, unsigned long, unsigned long, unsigned long, unsigned long, unsigned long, float, float)","void flashinfer::RopeQuantizeKernel<(bool)1, (unsigned int)16, (unsigned int)1, __nv_bfloat16, long, __nv_fp8_e4m3>(T4 *, T4 *, T4 *, T4 *, T6 *, T6 *, T6 *, T6 *, float *, T5 *...",gemm_moe,46800,39334.614455,840.4832148504273,2685.232
nvjet_sm103_tst_176x128_64x8_1x2_2cta_h_bz_TNN,nvjet_sm103_tst_176x128_64x8_1x2_2cta_h_bz_TNN,gemm_moe,46800,28196.743833,602.4945263461539,2648.593
"void moe::dev::finalize::finalizeKernelVecLoad<moe::dev::finalize::KernelParams<cutlass::bfloat16_t, cutlass::bfloat16_t, (int)4, (bool)1>>(T1)","void moe::dev::finalize::finalizeKernelVecLoad<moe::dev::finalize::KernelParams<cutlass::bfloat16_t, cutlass::bfloat16_t, (int)4, (bool)1>>(T1)",gemm_moe,45000,25170.198984,559.3377552000001,690.503
kernel_cutlass_kernel_flashinfernormkernelsfused_add_rmsnormFusedAddRMSNormKernel_object_at__tensorptrbf16gmemalign128oi64614461441_tensorptrbf16gmemalign128oi64614461441_tensorptrbf16gme_0,kernel_cutlass_kernel_flashinfernormkernelsfused_add_rmsnormFusedAddRMSNormKernel_object_at__tensorptrbf16gmemalign128oi64614461441_tensorptrbf16gmemalign128oi64614461441_tensor...,norm_rope_quant,93600,22691.269408,242.42809196581197,316.387
"void deep_gemm::sm100_fp8_mqa_logits<(unsigned int)32, (unsigned int)128, (bool)0, (unsigned int)4, (unsigned int)256, (unsigned int)3, (unsigned int)3, (unsigned int)148, (unsigned int)128, (unsigned int)256, float, (unsigned int)2>(unsigned int, unsigned int, unsigned int, unsigned int, unsigned int *, unsigned int *, T11 *, CUtensorMap_st, CUtensorMap_st, CUtensorMap_st, CUtensorMap_st)","void deep_gemm::sm100_fp8_mqa_logits<(unsigned int)32, (unsigned int)128, (bool)0, (unsigned int)4, (unsigned int)256, (unsigned int)3, (unsigned int)3, (unsigned int)148, (unsi...",attention,4500,13568.069303,3015.1265117777775,6050.702
"void at::native::vectorized_elementwise_kernel<(int)8, at::native::CUDAFunctor_add<c10::BFloat16>, std::array<char *, (unsigned long)3>>(int, T2, T3)","void at::native::vectorized_elementwise_kernel<(int)8, at::native::CUDAFunctor_add<c10::BFloat16>, std::array<char *, (unsigned long)3>>(int, T2, T3)",memory_elementwise,45000,8180.678553,181.7928567333333,196.993
"void <unnamed>::fast_hadamard_transform_kernel<<unnamed>::FastHadamardKernelTraits<(int)16, (int)7, __nv_bfloat16>>(HadamardParamsBase)","void <unnamed>::fast_hadamard_transform_kernel<<unnamed>::FastHadamardKernelTraits<(int)16, (int)7, __nv_bfloat16>>(HadamardParamsBase)",other,25200,7915.306439,314.0994618650794,655.91
"void at::native::vectorized_gather_kernel<(int)16, long>(char *, char *, T2 *, int, long, long, long, long, bool)","void at::native::vectorized_gather_kernel<(int)16, long>(char *, char *, T2 *, int, long, long, long, long, bool)",memory_elementwise,21600,7659.904097,354.6251896759259,474.595
kernel_cutlass_kernel_flashinferquantizationkernelsnvfp4_quantizeNVFP4QuantizeTMAKernel_object_at__CopyAtom_ThrID10_TVLayoutSrc1819201_TVLayoutDst1819201_Valuetypebf16_tensor000o966411121_0,kernel_cutlass_kernel_flashinferquantizationkernelsnvfp4_quantizeNVFP4QuantizeTMAKernel_object_at__CopyAtom_ThrID10_TVLayoutSrc1819201_TVLayoutDst1819201_Valuetypebf16_tensor000...,norm_rope_quant,45000,4890.313284,108.67362853333334,145.249
"void <unnamed>::act_and_mul_kernel<__nv_bfloat16, (<unnamed>::ActivationKind)0, (bool)1, (bool)0>(<unnamed>::ActivationParams)","void <unnamed>::act_and_mul_kernel<__nv_bfloat16, (<unnamed>::ActivationKind)0, (bool)1, (bool)0>(<unnamed>::ActivationParams)",memory_elementwise,46800,4313.877353,92.17686651709403,2039.023
nvjet_sm103_tst_128x256_64x6_2x2_2cta_h_bz_TNT,nvjet_sm103_tst_128x256_64x6_2x2_2cta_h_bz_TNT,gemm_moe,45000,3871.940335,86.04311855555555,2209.07
kernel_cutlass_kernel_flashinfernormkernelsrmsnormRMSNormKernel_object_at__tensorptrbf16gmemalign16oi642048i64div81_tensorptrbf16gmemalign16o20481_tensorptrbf16gmemalign16oi642048i64div81_0,kernel_cutlass_kernel_flashinfernormkernelsrmsnormRMSNormKernel_object_at__tensorptrbf16gmemalign16oi642048i64div81_tensorptrbf16gmemalign16o20481_tensorptrbf16gmemalign16oi6420...,norm_rope_quant,46800,2121.11598,45.322991025641024,57.088
"void moe::dev::routing::routingCustom::routingIndicesHistogramScoresKernel<moe::dev::routing::routingCustom::KernelParams<__nv_bfloat16, __nv_bfloat16, (int)256, (int)8, moe::dev::routing::TopKExpertSelect<moe::dev::routing::SigmoidBiasPreprocess, moe::dev::routing::ScaledSumNormalizePostprocess>>>(T1)","void moe::dev::routing::routingCustom::routingIndicesHistogramScoresKernel<moe::dev::routing::routingCustom::KernelParams<__nv_bfloat16, __nv_bfloat16, (int)256, (int)8, moe::de...",moe_routing,45000,1854.030868,41.20068595555556,55.168
nvjet_sm103_tst_64x512_64x5_2x2_2cta_h_bz_TNT,nvjet_sm103_tst_64x512_64x5_2x2_2cta_h_bz_TNT,gemm_moe,12600,955.932872,75.86768825396825,79.52
_act_quant_kernel,_act_quant_kernel,norm_rope_quant,12600,953.230094,75.65318206349205,91.457
nvjet_sm103_tss_32x256_64x6_1x4_h_bz_TNN,nvjet_sm103_tss_32x256_64x6_1x4_h_bz_TNN,gemm_moe,12600,872.771957,69.26761563492063,72.769
kernel_cutlass_kernel_flashinfernormkernelsrmsnormRMSNormKernel_object_at__tensorptrbf16gmemalign16oi64512i64div81_tensorptrbf16gmemalign16o5121_tensorptrbf16gmemalign16oi64512i64div81____0,kernel_cutlass_kernel_flashinfernormkernelsrmsnormRMSNormKernel_object_at__tensorptrbf16gmemalign16oi64512i64div81_tensorptrbf16gmemalign16o5121_tensorptrbf16gmemalign16oi64512i...,norm_rope_quant,46800,647.62113,13.838058333333333,16.736
"void <unnamed>::fused_rope_kernel<(bool)0, (long)64, (bool)1, __nv_bfloat16, long, (unsigned int)8>(<unnamed>::FusedRopeParams)","void <unnamed>::fused_rope_kernel<(bool)0, (long)64, (bool)1, __nv_bfloat16, long, (unsigned int)8>(<unnamed>::FusedRopeParams)",norm_rope_quant,12600,645.117945,51.1998369047619,73.537
"void at::native::vectorized_elementwise_kernel<(int)4, at::native::FillFunctor<int>, std::array<char *, (unsigned long)1>>(int, T2, T3)","void at::native::vectorized_elementwise_kernel<(int)4, at::native::FillFunctor<int>, std::array<char *, (unsigned long)1>>(int, T2, T3)",memory_elementwise,37648,568.824215,15.10901548555036,49.633
"void moe::dev::routing::routingIndicesCoopKernel<moe::dev::routing::routingCustom::KernelParams<__nv_bfloat16, __nv_bfloat16, (int)256, (int)8, moe::dev::routing::TopKExpertSelect<moe::dev::routing::NoOpPreprocess, moe::dev::routing::NoOpPostprocess>>>(T1)","void moe::dev::routing::routingIndicesCoopKernel<moe::dev::routing::routingCustom::KernelParams<__nv_bfloat16, __nv_bfloat16, (int)256, (int)8, moe::dev::routing::TopKExpertSele...",moe_routing,45000,553.973884,12.310530755555556,14.464
"void <unnamed>::set_mla_kv_buffer_kernel<(long)512, (long)64, (int)8, (bool)1, long>(<unnamed>::SetMlaKVBufferParams)","void <unnamed>::set_mla_kv_buffer_kernel<(long)512, (long)64, (int)8, (bool)1, long>(<unnamed>::SetMlaKVBufferParams)",attention,46800,387.116464,8.271719316239317,10.752
kernel_cutlass_kernel_flashinfernormkernelslayernormLayerNormKernel_object_at__tensorptrbf16gmemalign16oi64128i64div41_tensorptrbf16gmemalign16oi64128i64div41_tensorptrf32gmemalign16o1281_0,kernel_cutlass_kernel_flashinfernormkernelslayernormLayerNormKernel_object_at__tensorptrbf16gmemalign16oi64128i64div41_tensorptrbf16gmemalign16oi64128i64div41_tensorptrf32gmemal...,norm_rope_quant,12600,270.026832,21.430700952380953,23.52
"void at::native::vectorized_elementwise_kernel<(int)4, at::native::FillFunctor<unsigned char>, std::array<char *, (unsigned long)1>>(int, T2, T3)","void at::native::vectorized_elementwise_kernel<(int)4, at::native::FillFunctor<unsigned char>, std::array<char *, (unsigned long)1>>(int, T2, T3)",memory_elementwise,46800,187.60156,4.008580341880342,5.568
nvjet_sm103_tst_192x8_64x8_2x1_v_bz_splitK_TNT,nvjet_sm103_tst_192x8_64x8_2x1_v_bz_splitK_TNT,gemm_moe,600,171.227806,285.3796766666667,290.274
"void <unnamed>::fused_store_indexer_cache<__nv_bfloat16, long, (unsigned int)6, (bool)1>(<unnamed>::FusedStoreCacheParam)","void <unnamed>::fused_store_indexer_cache<__nv_bfloat16, long, (unsigned int)6, (bool)1>(<unnamed>::FusedStoreCacheParam)",memory_elementwise,12600,147.981249,11.744543571428572,12.864
write_req_to_token_pool_triton,write_req_to_token_pool_triton,other,2400,120.96187,50.400779166666666,102.817
"void at::native::unrolled_elementwise_kernel<at::native::direct_copy_kernel_cuda(at::TensorIteratorBase &)::[lambda() (instance 3)]::operator ()() const::[lambda() (instance 4)]::operator ()() const::[lambda(long) (instance 1)], std::array<char *, (unsigned long)2>, (int)4, TrivialOffsetCalculator<(int)1, unsigned int>, TrivialOffsetCalculator<(int)1, unsigned int>, at::native::memory::LoadWithCast<(int)1>, at::native::memory::StoreWithCast<(int)1>>(int, T1, T2, T4, T5, T6, T7)",void at::native::unrolled_elementwise_kernel<at::native::direct_copy_kernel_cuda(at::TensorIteratorBase &)::[lambda() (instance 3)]::operator ()() const::[lambda() (instance 4)]...,memory_elementwise,22200,92.491559,4.166286441441442,34.177
"void moe::dev::routing::routingInitExpertCounts<moe::dev::routing::routingCustom::KernelParams<__nv_bfloat16, __nv_bfloat16, (int)256, (int)8, moe::dev::routing::TopKExpertSelect<moe::dev::routing::NoOpPreprocess, moe::dev::routing::NoOpPostprocess>>>(T1)","void moe::dev::routing::routingInitExpertCounts<moe::dev::routing::routingCustom::KernelParams<__nv_bfloat16, __nv_bfloat16, (int)256, (int)8, moe::dev::routing::TopKExpertSelec...",moe_routing,45000,88.558261,1.9679613555555557,2.944
_get_k_and_s_triton_kernel,_get_k_and_s_triton_kernel,other,12600,79.284952,6.2924565079365085,8.064
kernel_cutlass_kernel_flashinfernormkernelsrmsnormRMSNormKernel_object_at__tensorptrbf16gmemalign128oi64614461441_tensorptrbf16gmemalign16o61441_tensorptrbf16gmemalign128oi64614461441___T_0,kernel_cutlass_kernel_flashinfernormkernelsrmsnormRMSNormKernel_object_at__tensorptrbf16gmemalign128oi64614461441_tensorptrbf16gmemalign16o61441_tensorptrbf16gmemalign128oi64614...,norm_rope_quant,600,75.147387,125.24564500000001,137.889
"void at::native::_scatter_gather_elementwise_kernel<(int)128, (int)8, void at::native::_cuda_scatter_gather_internal_kernel<(bool)0, at::native::OpaqueType<(int)4>, int>::operator ()<at::native::TensorAssign>(at::TensorIterator &, long, long, long, const T1 &)::[lambda(int) (instance 1)]>(int, T3)","void at::native::_scatter_gather_elementwise_kernel<(int)128, (int)8, void at::native::_cuda_scatter_gather_internal_kernel<(bool)0, at::native::OpaqueType<(int)4>, int>::operat...",memory_elementwise,8400,68.457513,8.149703928571428,9.504
"void at_cuda_detail::cub::detail::scan::DeviceScanKernel<at_cuda_detail::cub::detail::scan::policy_hub<int, int, int, unsigned int, std::plus<int>>::Policy1000, const int *, int *, at_cuda_detail::cub::ScanTileState<int, (bool)1>, std::plus<int>, at_cuda_detail::cub::NullType, unsigned int, int, (bool)0, at_cuda_detail::cub::NullType>(T2, T3, T4, int, T5, T6, T7)","void at_cuda_detail::cub::detail::scan::DeviceScanKernel<at_cuda_detail::cub::detail::scan::policy_hub<int, int, int, unsigned int, std::plus<int>>::Policy1000, const int *, int...",other,14400,48.627571,3.376914652777778,5.92
alloc_extend_kernel,alloc_extend_kernel,other,2400,46.53232,19.388466666666666,43.744
triton_poi_fused_mul_unsqueeze_0,triton_poi_fused_mul_unsqueeze_0,other,13448,44.90712,3.3393158834027363,4.672
"void at_cuda_detail::cub::detail::radix_sort::DeviceRadixSortOnesweepKernel<at_cuda_detail::cub::detail::radix::policy_hub<int, at_cuda_detail::cub::NullType, unsigned long long>::Policy1000, (at_cuda_detail::cub::SortOrder)0, int, at_cuda_detail::cub::NullType, unsigned long long, int, int, at_cuda_detail::cub::detail::identity_decomposer_t>(T7 *, T7 *, T5 *, const T5 *, T3 *, const T3 *, T4 *, const T4 *, T6, int, int, T8)","void at_cuda_detail::cub::detail::radix_sort::DeviceRadixSortOnesweepKernel<at_cuda_detail::cub::detail::radix::policy_hub<int, at_cuda_detail::cub::NullType, unsigned long long...",other,4800,42.388081,8.830850208333333,38.336
"void at::native::reduce_kernel<(int)512, (int)1, at::native::ReduceOp<bool, at::native::func_wrapper_t<bool, at::native::and_kernel_cuda(at::TensorIterator &)::[lambda() (instance 1)]::operator ()() const::[lambda() (instance 12)]::operator ()() const::[lambda(bool, bool) (instance 1)]>, unsigned int, bool, (int)4, (int)4>>(T3)","void at::native::reduce_kernel<(int)512, (int)1, at::native::ReduceOp<bool, at::native::func_wrapper_t<bool, at::native::and_kernel_cuda(at::TensorIterator &)::[lambda() (instan...",memory_elementwise,8400,40.431959,4.8133284523809525,10.272
"void compute_cuda_kernel<int>(const T1 *, const long *, T1 *, long, long)","void compute_cuda_kernel<int>(const T1 *, const long *, T1 *, long, long)",other,8400,38.830018,4.62262119047619,7.552
"void at::native::index_elementwise_kernel<(int)128, (int)4, void at::native::gpu_index_kernel<void at::native::index_kernel_impl<at::native::OpaqueType<(int)4>>(at::TensorIteratorBase &, c10::ArrayRef<long>, c10::ArrayRef<long>)::[lambda(char *, const char *, long) (instance 1)]>(at::TensorIteratorBase &, c10::ArrayRef<long>, c10::ArrayRef<long>, const T1 &, bool)::[lambda(int) (instance 1)]>(long, T3)","void at::native::index_elementwise_kernel<(int)128, (int)4, void at::native::gpu_index_kernel<void at::native::index_kernel_impl<at::native::OpaqueType<(int)4>>(at::TensorIterat...",memory_elementwise,4800,32.217119,6.711899791666666,9.28
"void at_cuda_detail::cub::detail::scan::DeviceScanKernel<at_cuda_detail::cub::detail::scan::policy_hub<long, long, long, unsigned int, std::plus<long>>::Policy1000, const long *, long *, at_cuda_detail::cub::ScanTileState<long, (bool)1>, std::plus<long>, at_cuda_detail::cub::NullType, unsigned int, long, (bool)0, at_cuda_detail::cub::NullType>(T2, T3, T4, int, T5, T6, T7)","void at_cuda_detail::cub::detail::scan::DeviceScanKernel<at_cuda_detail::cub::detail::scan::policy_hub<long, long, long, unsigned int, std::plus<long>>::Policy1000, const long *...",other,9000,31.817874,3.5353193333333333,5.6
"void at::native::<unnamed>::multi_tensor_apply_kernel<at::native::<unnamed>::TensorListMetadata<(int)2>, at::native::<unnamed>::UnaryOpFunctor<long, (int)2, (int)1, (int)1>, at::native::Copy<long, long>>(T1, T2, T3...)","void at::native::<unnamed>::multi_tensor_apply_kernel<at::native::<unnamed>::TensorListMetadata<(int)2>, at::native::<unnamed>::UnaryOpFunctor<long, (int)2, (int)1, (int)1>, at:...",memory_elementwise,2400,26.444307,11.01846125,13.408
"void at_cuda_detail::cub::detail::scan::DeviceScanInitKernel<at_cuda_detail::cub::ScanTileState<int, (bool)1>>(T1, int)","void at_cuda_detail::cub::detail::scan::DeviceScanInitKernel<at_cuda_detail::cub::ScanTileState<int, (bool)1>>(T1, int)",other,14400,24.145854,1.6767954166666665,2.656
compute_position_kernel,compute_position_kernel,other,2400,15.484691,6.451954583333333,7.744
"void at_cuda_detail::cub::detail::scan::DeviceScanInitKernel<at_cuda_detail::cub::ScanTileState<long, (bool)1>>(T1, int)","void at_cuda_detail::cub::detail::scan::DeviceScanInitKernel<at_cuda_detail::cub::ScanTileState<long, (bool)1>>(T1, int)",other,9000,12.738756,1.4154173333333333,2.08
"void at::native::vectorized_elementwise_kernel<(int)4, at::native::BUnaryFunctor<int, int, int, at::native::binary_internal::div_floor_kernel_cuda(at::TensorIteratorBase &)::[lambda() (instance 1)]::operator ()() const::[lambda() (instance 3)]::operator ()() const::[lambda(int, int) (instance 1)]>, std::array<char *, (unsigned long)2>>(int, T2, T3)","void at::native::vectorized_elementwise_kernel<(int)4, at::native::BUnaryFunctor<int, int, int, at::native::binary_internal::div_floor_kernel_cuda(at::TensorIteratorBase &)::[la...",memory_elementwise,3600,12.223167,3.3953241666666667,17.377
"void at_cuda_detail::cub::detail::radix_sort::DeviceRadixSortHistogramKernel<at_cuda_detail::cub::detail::radix::policy_hub<int, at_cuda_detail::cub::NullType, unsigned long long>::Policy1000, (at_cuda_detail::cub::SortOrder)0, int, unsigned long long, at_cuda_detail::cub::detail::identity_decomposer_t>(T4 *, const T3 *, T4, int, int, T5)","void at_cuda_detail::cub::detail::radix_sort::DeviceRadixSortHistogramKernel<at_cuda_detail::cub::detail::radix::policy_hub<int, at_cuda_detail::cub::NullType, unsigned long lon...",other,1200,11.688629,9.740524166666667,295.522
"void at::native::index_elementwise_kernel<(int)128, (int)4, void at::native::gpu_index_kernel<void at::native::index_put_kernel_impl<at::native::OpaqueType<(int)8>>(at::TensorIterator &, c10::ArrayRef<long>, c10::ArrayRef<long>)::[lambda(char *, const char *, long) (instance 1)]>(at::TensorIteratorBase &, c10::ArrayRef<long>, c10::ArrayRef<long>, const T1 &, bool)::[lambda(int) (instance 1)]>(long, T3)","void at::native::index_elementwise_kernel<(int)128, (int)4, void at::native::gpu_index_kernel<void at::native::index_put_kernel_impl<at::native::OpaqueType<(int)8>>(at::TensorIt...",memory_elementwise,3000,11.226254,3.7420846666666665,13.344
"void <unnamed>::elementwise_kernel_with_index<int, at::native::arange_cuda_out(const c10::Scalar &, const c10::Scalar &, const c10::Scalar &, at::Tensor &)::[lambda() (instance 1)]::operator ()() const::[lambda() (instance 3)]::operator ()() const::[lambda(long) (instance 1)]>(T1, T2, function_traits<T2>::result_type *)","void <unnamed>::elementwise_kernel_with_index<int, at::native::arange_cuda_out(const c10::Scalar &, const c10::Scalar &, const c10::Scalar &, at::Tensor &)::[lambda() (instance ...",memory_elementwise,7204,11.139442,1.5462856746252083,1.92
"void at::native::vectorized_elementwise_kernel<(int)4, void at::native::compare_scalar_kernel<int>(at::TensorIteratorBase &, at::native::<unnamed>::OpType, T1)::[lambda(int) (instance 1)], std::array<char *, (unsigned long)2>>(int, T2, T3)","void at::native::vectorized_elementwise_kernel<(int)4, void at::native::compare_scalar_kernel<int>(at::TensorIteratorBase &, at::native::<unnamed>::OpType, T1)::[lambda(int) (in...",memory_elementwise,5400,10.091265,1.8687527777777777,2.208
"void at::native::vectorized_elementwise_kernel<(int)2, at::native::CUDAFunctorOnSelf_add<long>, std::array<char *, (unsigned long)2>>(int, T2, T3)","void at::native::vectorized_elementwise_kernel<(int)2, at::native::CUDAFunctorOnSelf_add<long>, std::array<char *, (unsigned long)2>>(int, T2, T3)",memory_elementwise,3600,7.421268,2.061463333333333,3.008
"void cublasLt::splitKreduce_kernel<(int)32, (int)16, int, float, __nv_bfloat16, float, __nv_bfloat16, (bool)0, float, __nv_bfloat16, __nv_bfloat16, (bool)1, (bool)0, (bool)0, (bool)0>(cublasLt::cublasSplitKParams<T6>, const T4 *, const T10 *, T9 *, T5 *, const T6 *, const T6 *, const T11 *, const T4 *, T11 *, void *, long, T6 *, int *, T6 *, T6 *, const T6 *, const T6 *, const T6 *, const T6 *, const T6 *)","void cublasLt::splitKreduce_kernel<(int)32, (int)16, int, float, __nv_bfloat16, float, __nv_bfloat16, (bool)0, float, __nv_bfloat16, __nv_bfloat16, (bool)1, (bool)0, (bool)0, (b...",memory_elementwise,600,6.598307,10.997178333333334,12.16
"void at_cuda_detail::cub::detail::select::DeviceSelectSweepKernel<at_cuda_detail::cub::detail::select::policy_hub<int, at_cuda_detail::cub::NullType, int, (bool)0, (at_cuda_detail::cub::SelectImpl)0>::Policy1000, const int *, at_cuda_detail::cub::NullType *, int *, long *, at_cuda_detail::cub::ScanTileState<int, (bool)1>, at_cuda_detail::cub::NullType, cuda::std::__4::equal_to<void>, int, at_cuda_detail::cub::detail::select::streaming_context_t<long, (bool)1>, (at_cuda_detail::cub::SelectImpl)0>(T2, T3, T4, T5, T6, T7, T8, T9, int, T10, at_cuda_detail::cub::detail::vsmem_t)","void at_cuda_detail::cub::detail::select::DeviceSelectSweepKernel<at_cuda_detail::cub::detail::select::policy_hub<int, at_cuda_detail::cub::NullType, int, (bool)0, (at_cuda_deta...",other,1200,6.493998,5.411665,19.328
"void at::native::reduce_kernel<(int)512, (int)1, at::native::ReduceOp<float, at::native::ArgMaxOps<float>, unsigned int, long, (int)4, (int)4>>(T3)","void at::native::reduce_kernel<(int)512, (int)1, at::native::ReduceOp<float, at::native::ArgMaxOps<float>, unsigned int, long, (int)4, (int)4>>(T3)",memory_elementwise,600,5.995237,9.992061666666666,10.912
"void at::native::unrolled_elementwise_kernel<at::native::direct_copy_kernel_cuda(at::TensorIteratorBase &)::[lambda() (instance 3)]::operator ()() const::[lambda() (instance 3)]::operator ()() const::[lambda(int) (instance 1)], std::array<char *, (unsigned long)2>, (int)4, TrivialOffsetCalculator<(int)1, unsigned int>, TrivialOffsetCalculator<(int)1, unsigned int>, at::native::memory::LoadWithCast<(int)1>, at::native::memory::StoreWithCast<(int)1>>(int, T1, T2, T4, T5, T6, T7)",void at::native::unrolled_elementwise_kernel<at::native::direct_copy_kernel_cuda(at::TensorIteratorBase &)::[lambda() (instance 3)]::operator ()() const::[lambda() (instance 3)]...,memory_elementwise,2400,5.096257,2.123440416666667,3.008
"void at::native::vectorized_elementwise_kernel<(int)4, at::native::<unnamed>::launch_clamp_scalar(at::TensorIteratorBase &, c10::Scalar, c10::Scalar, at::native::detail::ClampLimits)::[lambda() (instance 1)]::operator ()() const::[lambda() (instance 3)]::operator ()() const::[lambda(int) (instance 1)], std::array<char *, (unsigned long)2>>(int, T2, T3)","void at::native::vectorized_elementwise_kernel<(int)4, at::native::<unnamed>::launch_clamp_scalar(at::TensorIteratorBase &, c10::Scalar, c10::Scalar, at::native::detail::ClampLi...",memory_elementwise,2400,4.558472,1.8993633333333333,2.272
"void at::native::index_elementwise_kernel<(int)128, (int)4, void at::native::gpu_index_kernel<void at::native::index_kernel_impl<at::native::OpaqueType<(int)2>>(at::TensorIteratorBase &, c10::ArrayRef<long>, c10::ArrayRef<long>)::[lambda(char *, const char *, long) (instance 1)]>(at::TensorIteratorBase &, c10::ArrayRef<long>, c10::ArrayRef<long>, const T1 &, bool)::[lambda(int) (instance 1)]>(long, T3)","void at::native::index_elementwise_kernel<(int)128, (int)4, void at::native::gpu_index_kernel<void at::native::index_kernel_impl<at::native::OpaqueType<(int)2>>(at::TensorIterat...",memory_elementwise,600,4.506177,7.510295,8.032
"void at::native::vectorized_elementwise_kernel<(int)4, at::native::CUDAFunctor_add<int>, std::array<char *, (unsigned long)3>>(int, T2, T3)","void at::native::vectorized_elementwise_kernel<(int)4, at::native::CUDAFunctor_add<int>, std::array<char *, (unsigned long)3>>(int, T2, T3)",memory_elementwise,2400,4.393924,1.8308016666666667,2.145
"void at::native::vectorized_elementwise_kernel<(int)4, at::native::FillFunctor<float>, std::array<char *, (unsigned long)1>>(int, T2, T3)","void at::native::vectorized_elementwise_kernel<(int)4, at::native::FillFunctor<float>, std::array<char *, (unsigned long)1>>(int, T2, T3)",memory_elementwise,2400,3.673176,1.53049,2.624
"void at_cuda_detail::cub::detail::radix_sort::DeviceRadixSortExclusiveSumKernel<at_cuda_detail::cub::detail::radix::policy_hub<int, at_cuda_detail::cub::NullType, unsigned long long>::Policy1000, unsigned long long>(T2 *)","void at_cuda_detail::cub::detail::radix_sort::DeviceRadixSortExclusiveSumKernel<at_cuda_detail::cub::detail::radix::policy_hub<int, at_cuda_detail::cub::NullType, unsigned long ...",other,1200,3.041685,2.5347375000000003,5.12
"void at::native::vectorized_elementwise_kernel<(int)2, void at::native::compare_scalar_kernel<int>(at::TensorIteratorBase &, at::native::<unnamed>::OpType, T1)::[lambda(int) (instance 1)], std::array<char *, (unsigned long)2>>(int, T2, T3)","void at::native::vectorized_elementwise_kernel<(int)2, void at::native::compare_scalar_kernel<int>(at::TensorIteratorBase &, at::native::<unnamed>::OpType, T1)::[lambda(int) (in...",memory_elementwise,1500,3.01048,2.0069866666666667,2.368
"void at::native::unrolled_elementwise_kernel<at::native::direct_copy_kernel_cuda(at::TensorIteratorBase &)::[lambda() (instance 3)]::operator ()() const::[lambda() (instance 7)]::operator ()() const::[lambda(float) (instance 1)], std::array<char *, (unsigned long)2>, (int)4, TrivialOffsetCalculator<(int)1, unsigned int>, TrivialOffsetCalculator<(int)1, unsigned int>, at::native::memory::LoadWithCast<(int)1>, at::native::memory::StoreWithCast<(int)1>>(int, T1, T2, T4, T5, T6, T7)",void at::native::unrolled_elementwise_kernel<at::native::direct_copy_kernel_cuda(at::TensorIteratorBase &)::[lambda() (instance 3)]::operator ()() const::[lambda() (instance 7)]...,memory_elementwise,600,2.591761,4.319601666666666,4.896
"void at::native::unrolled_elementwise_kernel<void at::native::compare_scalar_kernel<int>(at::TensorIteratorBase &, at::native::<unnamed>::OpType, T1)::[lambda(int) (instance 1)], std::array<char *, (unsigned long)2>, (int)4, TrivialOffsetCalculator<(int)1, unsigned int>, TrivialOffsetCalculator<(int)1, unsigned int>, at::native::memory::LoadWithoutCast, at::native::memory::StoreWithoutCast>(int, T1, T2, T4, T5, T6, T7)","void at::native::unrolled_elementwise_kernel<void at::native::compare_scalar_kernel<int>(at::TensorIteratorBase &, at::native::<unnamed>::OpType, T1)::[lambda(int) (instance 1)]...",memory_elementwise,1500,2.570838,1.713892,2.08
"void at_cuda_detail::cub::detail::scan::DeviceCompactInitKernel<at_cuda_detail::cub::ScanTileState<int, (bool)1>, long *>(T1, int, T2)","void at_cuda_detail::cub::detail::scan::DeviceCompactInitKernel<at_cuda_detail::cub::ScanTileState<int, (bool)1>, long *>(T1, int, T2)",other,1200,2.233905,1.8615875000000002,8.864
